carpeta,categoria,video_name,video_path,fps,frame_count,width,height,duration,resolution,label
3,VERBOS III,PROTEGER,3/VERBOS III/PROTEGER.mp4,29.97,93,1920,1080,3.1031031031031038,1920x1080,67
1,NÚMEROS 1 AL 50,DOS,1/NÚMEROS 1 AL 50/DOS.mp4,29.97,63,1280,720,2.1021021021021022,1280x720,37
2,PAÍSES,ARGENTINA,2/PAÍSES/ARGENTINA.mp4,29.97,56,1280,720,1.8685352018685355,1280x720,44
2,EDUCACIÓN,SUPERIOR,2/EDUCACIÓN/SUPERIOR.mp4,29.97,97,1280,720,3.2365699032365702,1280x720,19
4,COSAS DE ALIMENTOS,CHICLE,4/COSAS DE ALIMENTOS/CHICLE.mp4,25.0,66,1920,1080,2.64,1920x1080,11
3,TIEMPO III,SUSPENDER,3/TIEMPO III/SUSPENDER.mp4,29.97,64,1440,1080,2.135468802135469,1440x1080,63
4,ESCUELA II,ALGUNOS,4/ESCUELA II/ALGUNOS.mp4,25.0,73,1920,1080,2.92,1920x1080,21
2,OPUESTOS,ANGOSTO,2/OPUESTOS/ANGOSTO.mp4,29.97,90,1280,720,3.0030030030030037,1280x720,40
3,GENERAL I,CONTINUAR,3/GENERAL I/CONTINUAR.mp4,29.97,101,1920,1080,3.3700367033700367,1920x1080,26
1,NATURALEZA,NIEVE,1/NATURALEZA/NIEVE.mp4,29.97,156,600,480,5.205205205205205,600x480,34
1,FAMILIA,PAPÁ,1/FAMILIA/PAPÁ.mp4,29.97,84,600,480,2.8028028028028027,600x480,23
3,LUGARES II,CASA_DE_TEATRO,3/LUGARES II/CASA_DE_TEATRO.mp4,29.97,145,1280,720,4.838171504838171,1280x720,31
4,COSAS DE ALIMENTOS,SABOR,4/COSAS DE ALIMENTOS/SABOR.mp4,25.0,63,1920,1080,2.52,1920x1080,11
3,SUSTANTIVOS III,CALCULADORA,3/SUSTANTIVOS III/CALCULADORA.mp4,29.97,101,1920,1080,3.3700367033700367,1920x1080,59
1,ABECEDARIO,M,1/ABECEDARIO/M.mp4,29.97,67,600,480,2.235568902235569,600x480,0
4,BEBIDAS,COCA_COLA,4/BEBIDAS/COCA_COLA.mp4,25.0,48,1920,1080,1.92,1920x1080,6
2,PRENDAS DE VESTIR,CHULO,2/PRENDAS DE VESTIR/CHULO.mp4,29.97,86,1280,720,2.8695362028695364,1280x720,50
3,ESCUELA,SUMAR,3/ESCUELA/SUMAR.mp4,29.97,85,1280,720,2.836169502836169,1280x720,20
3,CUMPLEAÑOS,PAYASO,3/CUMPLEAÑOS/PAYASO.mp4,29.97,68,1280,720,2.2689356022689355,1280x720,14
2,COLORES II,PLATEADO,2/COLORES II/PLATEADO.mp4,29.97,80,1280,720,2.669336002669336,1280x720,10
2,FRUTAS II,CAÑA,2/FRUTAS II/CAÑA.mp4,29.97,105,1280,720,3.503503503503504,1280x720,25
3,POLÍTICA,JUICIO,3/POLÍTICA/JUICIO.mp4,29.97,89,1280,720,2.9696363029696364,1280x720,47
2,FAMILIA II,NUERA,2/FAMILIA II/NUERA.mp4,29.97,79,1280,720,2.6359693026359694,1280x720,24
2,ANIMALES II,AVES,2/ANIMALES II/AVES.mp4,29.97,87,1280,720,2.902902902902903,1280x720,4
2,PAÍSES,BOLIVIA,2/PAÍSES/BOLIVIA.mp4,29.97,103,1280,720,3.4367701034367704,1280x720,44
4,COSAS DE ANIMALES,PLUMAS,4/COSAS DE ANIMALES/PLUMAS.mp4,25.0,68,1920,1080,2.72,1920x1080,12
4,PRENDAS DE VESTIR II,CHALINA,4/PRENDAS DE VESTIR II/CHALINA.mp4,30.0,83,1920,1080,2.7666666666666666,1920x1080,51
3,GENERAL I,TACAÑO,3/GENERAL I/TACAÑO.mp4,29.97,85,1920,1080,2.836169502836169,1920x1080,26
4,HOGAR II,AIRE_ACONDICIONADO,4/HOGAR II/AIRE_ACONDICIONADO.mp4,25.0,104,1920,1080,4.16,1920x1080,28
2,FAMILIA II,NOVIO,2/FAMILIA II/NOVIO.mp4,29.97,91,1280,720,3.0363697030363697,1280x720,24
3,GENERAL I,AVANZAR,3/GENERAL I/AVANZAR.mp4,29.97,86,1920,1080,2.8695362028695364,1920x1080,26
2,VERBOS II,NECESITAR,2/VERBOS II/NECESITAR.mp4,29.97,86,1280,720,2.8695362028695364,1280x720,66
2,TIEMPO II,LUEGO,2/TIEMPO II/LUEGO.mp4,29.97,68,1280,720,2.2689356022689355,1280x720,62
2,VERBOS II,VISITAR,2/VERBOS II/VISITAR.mp4,29.97,131,1280,720,4.371037704371038,1280x720,66
4,PAÍSES II,FINLANDIA,4/PAÍSES II/FINLANDIA.mp4,30.0,73,1920,1080,2.433333333333333,1920x1080,45
4,PRENDAS DE VESTIR II,CHINELAS,4/PRENDAS DE VESTIR II/CHINELAS.mp4,30.0,62,1920,1080,2.066666666666667,1920x1080,51
3,POLÍTICA,GOBIERNO,3/POLÍTICA/GOBIERNO.mp4,29.97,84,1280,720,2.8028028028028027,1280x720,47
1,TIEMPO,HOY,1/TIEMPO/HOY.mp4,29.97,50,1280,720,1.6683350016683351,1280x720,61
4,SUSTANTIVOS IV,CORTINA,4/SUSTANTIVOS IV/CORTINA.mp4,30.0,115,1920,1080,3.8333333333333335,1920x1080,60
3,ESCUELA,PROGRAMA,3/ESCUELA/PROGRAMA.mp4,29.97,85,1280,720,2.836169502836169,1280x720,20
4,COSAS DE ALIMENTOS,YOGURT,4/COSAS DE ALIMENTOS/YOGURT.mp4,25.0,62,1920,1080,2.48,1920x1080,11
1,VERBOS,HABLAR,1/VERBOS/HABLAR.mp4,29.97,84,1280,720,2.8028028028028027,1280x720,65
4,SUSTANTIVOS IV,CENICERO,4/SUSTANTIVOS IV/CENICERO.mp4,30.0,93,1920,1080,3.1,1920x1080,60
1,CALENDARIO,MAYO,1/CALENDARIO/MAYO.mp4,29.97,95,600,480,3.169836503169837,600x480,7
3,ESCUELA,PARTICULAR,3/ESCUELA/PARTICULAR.mp4,29.97,91,1280,720,3.0363697030363697,1280x720,20
2,FRUTAS II,CEREZA,2/FRUTAS II/CEREZA.mp4,29.97,118,1280,720,3.937270603937271,1280x720,25
4,SALUD II,QUEMADURA,4/SALUD II/QUEMADURA.mp4,30.0,101,1920,1080,3.3666666666666667,1920x1080,55
1,TIEMPO,DIA,1/TIEMPO/DIA.mp4,29.97,79,1280,720,2.6359693026359694,1280x720,61
4,NATURALEZA II,TRUENO,4/NATURALEZA II/TRUENO.mp4,25.0,71,1920,1080,2.84,1920x1080,35
4,ESCUELA II,ESTUDIANTE,4/ESCUELA II/ESTUDIANTE.mp4,25.0,71,1920,1080,2.84,1920x1080,21
2,OPUESTOS,RÁPIDO,2/OPUESTOS/RÁPIDO.mp4,29.97,82,1280,720,2.736069402736069,1280x720,40
1,CALENDARIO,CALENDARIO,1/CALENDARIO/CALENDARIO.mp4,29.97,80,600,480,2.669336002669336,600x480,7
4,PALABRAS GENERALES II,INTÉRPRETE,4/PALABRAS GENERALES II/INTÉRPRETE.mp4,25.0,56,1920,1080,2.24,1920x1080,43
3,ESCUELA,TAREA,3/ESCUELA/TAREA.mp4,29.97,78,1280,720,2.6026026026026026,1280x720,20
4,PALABRAS GENERALES II,DECIDIR,4/PALABRAS GENERALES II/DECIDIR.mp4,25.0,70,1920,1080,2.8,1920x1080,43
4,NATURALEZA II,VOLCÁN,4/NATURALEZA II/VOLCÁN.mp4,25.0,65,1920,1080,2.6,1920x1080,35
1,CALENDARIO,NOVIEMBRE,1/CALENDARIO/NOVIEMBRE.mp4,29.97,97,600,480,3.2365699032365702,600x480,7
2,PRENDAS DE VESTIR,CAMISA,2/PRENDAS DE VESTIR/CAMISA.mp4,29.97,110,1280,720,3.670337003670337,1280x720,50
2,FRUTAS II,PALTA,2/FRUTAS II/PALTA.mp4,29.97,126,1280,720,4.2042042042042045,1280x720,25
2,VERDURAS II,ORÉGANO,2/VERDURAS II/ORÉGANO.mp4,29.97,117,1280,720,3.903903903903904,1280x720,69
1,NÚMEROS 1 AL 50,CATORCE,1/NÚMEROS 1 AL 50/CATORCE.mp4,29.97,68,1280,720,2.2689356022689355,1280x720,37
2,ANIMALES II,BURRO,2/ANIMALES II/BURRO.mp4,29.97,75,1280,720,2.5025025025025025,1280x720,4
2,ANIMALES II,BÚHO,2/ANIMALES II/BÚHO.mp4,29.97,77,1280,720,2.569235902569236,1280x720,4
3,HOGAR,LAVADORA,3/HOGAR/LAVADORA.mp4,29.97,64,1280,720,2.135468802135469,1280x720,27
2,VERBOS II,LLORAR,2/VERBOS II/LLORAR.mp4,29.97,90,1280,720,3.0030030030030037,1280x720,66
3,ESTADO CIVIL,PARIENTE,3/ESTADO CIVIL/PARIENTE.mp4,29.97,84,1280,720,2.8028028028028027,1280x720,22
2,OPUESTOS,DURO,2/OPUESTOS/DURO.mp4,29.97,82,1280,720,2.736069402736069,1280x720,40
3,RESTAURANTE,PESCADO,3/RESTAURANTE/PESCADO.mp4,29.97,92,1280,720,3.0697364030697365,1280x720,53
3,POLÍTICA,NACIONAL,3/POLÍTICA/NACIONAL.mp4,29.97,96,1280,720,3.2032032032032034,1280x720,47
3,ESCUELA,ESCUELA,3/ESCUELA/ESCUELA.mp4,29.97,97,1280,720,3.2365699032365702,1280x720,20
1,SALUDOS,BUENAS_TARDES,1/SALUDOS/BUENAS_TARDES.mp4,29.97,92,1280,720,3.0697364030697365,1280x720,57
3,SUSTANTIVOS III,CREATED,3/SUSTANTIVOS III/CREATED.mp4,29.97,12,1920,1080,0.4004004004004004,1920x1080,59
3,POLÍTICA,INTERNACIONAL,3/POLÍTICA/INTERNACIONAL.mp4,29.97,90,1280,720,3.0030030030030037,1280x720,47
2,NÚMEROS II,CINCUENTA_Y_NUEVE,2/NÚMEROS II/CINCUENTA_Y_NUEVE.mp4,29.97,96,1280,720,3.2032032032032034,1280x720,38
3,RESTAURANTE,SAICE,3/RESTAURANTE/SAICE.mp4,29.97,76,1280,720,2.5358692025358693,1280x720,53
2,VERDURAS II,PIMENTÓN,2/VERDURAS II/PIMENTÓN.mp4,29.97,87,1280,720,2.902902902902903,1280x720,69
2,ÁREAS DE CONOCIMIENTO,INGLÉS,2/ÁREAS DE CONOCIMIENTO/INGLÉS.mp4,29.97,82,1280,720,2.736069402736069,1280x720,70
1,NÚMEROS 1 AL 50,QUINCE,1/NÚMEROS 1 AL 50/QUINCE.mp4,29.97,60,1280,720,2.002002002002002,1280x720,37
3,DIÁLOGO,ENCONTRARSE,3/DIÁLOGO/ENCONTRARSE.mp4,29.97,79,1280,720,2.6359693026359694,1280x720,17
2,SUSTANTIVOS,COMPUTADORA,2/SUSTANTIVOS/COMPUTADORA.mp4,29.97,88,1280,720,2.9362696029362696,1280x720,58
3,OPUESTOS II,TRAER,3/OPUESTOS II/TRAER.mp4,29.97,62,1280,720,2.0687354020687354,1280x720,41
2,EDUCACIÓN,BI_CULTURAL,2/EDUCACIÓN/BI_CULTURAL.mp4,29.97,134,1280,720,4.471137804471138,1280x720,19
2,SALUD SEXUAL Y REPRODUCTIVA,DOLOR_DE_MUELA,2/SALUD SEXUAL Y REPRODUCTIVA/DOLOR_DE_MUELA.mp4,29.97,102,1280,720,3.4034034034034035,1280x720,56
2,TIEMPO II,TODOS_LOS_DÍAS,2/TIEMPO II/TODOS_LOS_DÍAS.mp4,29.97,74,1280,720,2.469135802469136,1280x720,62
2,ANIMALES II,RATA,2/ANIMALES II/RATA.mp4,29.97,79,1280,720,2.6359693026359694,1280x720,4
4,PAÍSES II,CHINA,4/PAÍSES II/CHINA.mp4,30.0,61,1920,1080,2.033333333333333,1920x1080,45
3,ANIMALES III,CANGURO,3/ANIMALES III/CANGURO.mp4,29.97,80,1280,720,2.669336002669336,1280x720,5
3,DEPORTES,BOXEO,3/DEPORTES/BOXEO.mp4,29.97,120,1280,720,4.004004004004004,1280x720,16
1,FAMILIA,ABUELA,1/FAMILIA/ABUELA.mp4,29.97,121,600,480,4.037370704037371,600x480,23
3,ESCUELA,RESTAR,3/ESCUELA/RESTAR.mp4,29.97,79,1280,720,2.6359693026359694,1280x720,20
3,HOGAR,LAVAR_ROPA,3/HOGAR/LAVAR_ROPA.mp4,29.97,98,1280,720,3.2699366032699366,1280x720,27
3,LUGARES II,CAPITAL,3/LUGARES II/CAPITAL.mp4,29.97,89,1280,720,2.9696363029696364,1280x720,31
1,NÚMEROS 1 AL 50,ONCE,1/NÚMEROS 1 AL 50/ONCE.mp4,29.97,70,1280,720,2.335669002335669,1280x720,37
4,BEBIDAS,LIMONADA,4/BEBIDAS/LIMONADA.mp4,25.0,72,1920,1080,2.88,1920x1080,6
3,CUMPLEAÑOS,CHISTE,3/CUMPLEAÑOS/CHISTE.mp4,29.97,86,1280,720,2.8695362028695364,1280x720,14
3,DEPORTES,EJERCICIOS,3/DEPORTES/EJERCICIOS.mp4,29.97,92,1280,720,3.0697364030697365,1280x720,16
4,HOGAR II,REPRODUCTOR_DE_DVD,4/HOGAR II/REPRODUCTOR_DE_DVD.mp4,25.0,107,1920,1080,4.28,1920x1080,28
3,ESTADO CIVIL,VIUDA,3/ESTADO CIVIL/VIUDA.mp4,29.97,117,1280,720,3.903903903903904,1280x720,22
3,DIÁLOGO,EXPERIENCIA,3/DIÁLOGO/EXPERIENCIA.mp4,29.97,99,1280,720,3.3033033033033035,1280x720,17
2,NÚMEROS II,CINCUENTA_Y_DOS,2/NÚMEROS II/CINCUENTA_Y_DOS.mp4,29.97,95,1280,720,3.169836503169837,1280x720,38
3,GENERAL I,FACTURA,3/GENERAL I/FACTURA.mp4,29.97,73,1920,1080,2.4357691024357693,1920x1080,26
2,ADVERBIOS DE LUGAR,DELANTE,2/ADVERBIOS DE LUGAR/DELANTE.mp4,29.97,100,1280,720,3.3366700033366703,1280x720,1
3,RESTAURANTE,CHARQUE,3/RESTAURANTE/CHARQUE.mp4,29.97,134,1280,720,4.471137804471138,1280x720,53
2,SALUD SEXUAL Y REPRODUCTIVA,DIAGNÓSTICO,2/SALUD SEXUAL Y REPRODUCTIVA/DIAGNÓSTICO.mp4,29.97,106,1280,720,3.5368702035368704,1280x720,56
4,SALUD II,CÁNCER,4/SALUD II/CÁNCER.mp4,30.0,96,1920,1080,3.2,1920x1080,55
4,DIÁLOGO II,EXPERTO,4/DIÁLOGO II/EXPERTO.mp4,25.0,61,1920,1080,2.44,1920x1080,18
2,ÁREAS DE CONOCIMIENTO,FÍSICA,2/ÁREAS DE CONOCIMIENTO/FÍSICA.mp4,29.97,84,1280,720,2.8028028028028027,1280x720,70
4,PALABRAS GENERALES II,DEJAR,4/PALABRAS GENERALES II/DEJAR.mp4,25.0,52,1920,1080,2.08,1920x1080,43
3,RESTAURANTE,PLATOS_TÍPICOS,3/RESTAURANTE/PLATOS_TÍPICOS.mp4,29.97,127,1280,720,4.237570904237571,1280x720,53
4,OPUESTOS III,DESENCHUFAR,4/OPUESTOS III/DESENCHUFAR.mp4,30.0,80,1920,1080,2.6666666666666665,1920x1080,42
2,OPUESTOS,POCO(OPCIÓN_B),2/OPUESTOS/POCO(OPCIÓN_B).mp4,29.97,90,1280,720,3.0030030030030037,1280x720,40
3,COCINA,COCINAR,3/COCINA/COCINAR.mp4,29.97,74,1280,720,2.469135802469136,1280x720,8
2,VERDURAS II,LOCOTO,2/VERDURAS II/LOCOTO.mp4,29.97,77,1280,720,2.569235902569236,1280x720,69
3,ANIMALES III,LOBO,3/ANIMALES III/LOBO.mp4,29.97,74,1280,720,2.469135802469136,1280x720,5
4,POLÍTICA II,MINISTERIO,4/POLÍTICA II/MINISTERIO.mp4,30.0,70,1920,1080,2.333333333333333,1920x1080,48
2,LUGARES TURÍSTICOS,TARABUCO,2/LUGARES TURÍSTICOS/TARABUCO.mp4,29.97,96,1280,720,3.2032032032032034,1280x720,32
3,GENERAL I,PROHIBIDO,3/GENERAL I/PROHIBIDO.mp4,29.97,82,1920,1080,2.736069402736069,1920x1080,26
3,RESTAURANTE,PACUMUTU,3/RESTAURANTE/PACUMUTU.mp4,29.97,85,1280,720,2.836169502836169,1280x720,53
4,SUSTANTIVOS IV,ANILLO,4/SUSTANTIVOS IV/ANILLO.mp4,30.0,62,1920,1080,2.066666666666667,1920x1080,60
4,INSECTOS,SALTAMONTES,4/INSECTOS/SALTAMONTES.mp4,25.0,63,1920,1080,2.52,1920x1080,29
2,TRABAJO,SECRETARIA,2/TRABAJO/SECRETARIA.mp4,29.97,109,1280,720,3.6369703036369705,1280x720,64
1,ANIMALES,TORO,1/ANIMALES/TORO.mp4,29.97,72,600,480,2.4024024024024024,600x480,3
1,VERBOS,ESCRIBIR,1/VERBOS/ESCRIBIR.mp4,29.97,91,1280,720,3.0363697030363697,1280x720,65
1,ALIMENTOS,ACEITE,1/ALIMENTOS/ACEITE.mp4,29.97,87,600,480,2.902902902902903,600x480,2
1,SUSTANTIVOS,TELEVISOR,1/SUSTANTIVOS/TELEVISOR.mp4,29.97,58,1280,720,1.9352686019352687,1280x720,58
4,COSAS DE ALIMENTOS,CANASTA,4/COSAS DE ALIMENTOS/CANASTA.mp4,25.0,93,1920,1080,3.72,1920x1080,11
1,LUGARES,BAÑO,1/LUGARES/BAÑO.mp4,29.97,73,600,480,2.4357691024357693,600x480,30
3,NÚMEROS,UN_MIL_DIEZ,3/NÚMEROS/UN_MIL_DIEZ.mp4,29.97,89,1280,720,2.9696363029696364,1280x720,36
1,VERBOS,CONSTRUIR,1/VERBOS/CONSTRUIR.mp4,29.97,86,1280,720,2.8695362028695364,1280x720,65
2,EDUCACIÓN,AIMARA,2/EDUCACIÓN/AIMARA.mp4,29.97,81,1280,720,2.702702702702702,1280x720,19
4,OPUESTOS III,MOJADO,4/OPUESTOS III/MOJADO.mp4,30.0,110,1920,1080,3.6666666666666665,1920x1080,42
4,POLÍTICA II,PROGRESAR,4/POLÍTICA II/PROGRESAR.mp4,30.0,74,1920,1080,2.466666666666667,1920x1080,48
3,SALUD,INYECCIÓN,3/SALUD/INYECCIÓN.mp4,29.97,69,1280,720,2.3023023023023024,1280x720,54
2,TRABAJO,ENFERMERA,2/TRABAJO/ENFERMERA.mp4,29.97,89,1280,720,2.9696363029696364,1280x720,64
4,NÚMEROS IV,NOVECIENTOS_OCHENTA_Y_OCHO_MIL,4/NÚMEROS IV/NOVECIENTOS_OCHENTA_Y_OCHO_MIL.mp4,25.0,108,1920,1080,4.32,1920x1080,39
3,ANIMALES III,GORILA,3/ANIMALES III/GORILA.mp4,29.97,65,1280,720,2.1688355021688355,1280x720,5
3,TIEMPO III,POSTERGAR(OPCIÓN_A),3/TIEMPO III/POSTERGAR(OPCIÓN_A).mp4,29.97,78,1440,1080,2.6026026026026026,1440x1080,63
1,ANIMALES,PATO,1/ANIMALES/PATO.mp4,29.97,72,600,480,2.4024024024024024,600x480,3
1,ABECEDARIO,N,1/ABECEDARIO/N.mp4,29.97,83,600,480,2.7694361027694363,600x480,0
4,ESCUELA II,COMPAÑERA,4/ESCUELA II/COMPAÑERA.mp4,25.0,71,1920,1080,2.84,1920x1080,21
1,SALUDOS,HOLA,1/SALUDOS/HOLA.mp4,29.97,74,1280,720,2.469135802469136,1280x720,57
3,RESTAURANTE,CHICHARRÓN,3/RESTAURANTE/CHICHARRÓN.mp4,29.97,128,1280,720,4.270937604270938,1280x720,53
4,NÚMEROS IV,SETECIENTOS_OCHENTA_MIL,4/NÚMEROS IV/SETECIENTOS_OCHENTA_MIL.mp4,25.0,102,1920,1080,4.08,1920x1080,39
3,ESTADO CIVIL,BODA,3/ESTADO CIVIL/BODA.mp4,29.97,116,1280,720,3.8705372038705375,1280x720,22
1,SUSTANTIVOS,REGLA,1/SUSTANTIVOS/REGLA.mp4,29.97,109,1280,720,3.6369703036369705,1280x720,58
3,SUSTANTIVOS III,FOTOCOPIA,3/SUSTANTIVOS III/FOTOCOPIA.mp4,29.97,83,1920,1080,2.7694361027694363,1920x1080,59
4,SALUD II,GRAVE,4/SALUD II/GRAVE.mp4,30.0,82,1920,1080,2.7333333333333334,1920x1080,55
3,DIÁLOGO,DIÁLOGO,3/DIÁLOGO/DIÁLOGO.mp4,29.97,90,1280,720,3.0030030030030037,1280x720,17
2,VERDURAS II,BRÓCOLI,2/VERDURAS II/BRÓCOLI.mp4,29.97,122,1280,720,4.070737404070737,1280x720,69
3,LUGARES II,SUPERMERCADO,3/LUGARES II/SUPERMERCADO.mp4,29.97,96,1280,720,3.2032032032032034,1280x720,31
1,NATURALEZA,MAR,1/NATURALEZA/MAR.mp4,29.97,76,600,480,2.5358692025358693,600x480,34
3,ANIMALES III,ÁGUILA,3/ANIMALES III/ÁGUILA.mp4,29.97,138,1280,720,4.604604604604605,1280x720,5
3,COCINA,FREÍR,3/COCINA/FREÍR.mp4,29.97,78,1280,720,2.6026026026026026,1280x720,8
4,OPUESTOS III,PEOR,4/OPUESTOS III/PEOR.mp4,30.0,68,1920,1080,2.2666666666666666,1920x1080,42
4,PERSONAS,MADRINA,4/PERSONAS/MADRINA.mp4,30.0,90,1920,1080,3.0,1920x1080,46
2,PAÍSES,ECUADOR,2/PAÍSES/ECUADOR.mp4,29.97,74,1280,720,2.469135802469136,1280x720,44
2,OPUESTOS,FLACO,2/OPUESTOS/FLACO.mp4,29.97,67,1280,720,2.235568902235569,1280x720,40
1,ANIMALES,GATO,1/ANIMALES/GATO.mp4,29.97,66,600,480,2.2022022022022023,600x480,3
3,TIEMPO III,POSTERGAR(OPCIÓN_B),3/TIEMPO III/POSTERGAR(OPCIÓN_B).mp4,29.97,80,1440,1080,2.669336002669336,1440x1080,63
4,PAÍSES II,ALEMANIA,4/PAÍSES II/ALEMANIA.mp4,30.0,84,1920,1080,2.8,1920x1080,45
4,ESCUELA II,ARITMÉTICA,4/ESCUELA II/ARITMÉTICA.mp4,25.0,84,1920,1080,3.36,1920x1080,21
2,VERBOS II,ENSEÑAR,2/VERBOS II/ENSEÑAR.mp4,29.97,101,1280,720,3.3700367033700367,1280x720,66
4,NATURALEZA II,INUNDACIÓN,4/NATURALEZA II/INUNDACIÓN.mp4,25.0,87,1920,1080,3.48,1920x1080,35
3,SUSTANTIVOS III,ARCHIVADOR,3/SUSTANTIVOS III/ARCHIVADOR.mp4,29.97,86,1920,1080,2.8695362028695364,1920x1080,59
2,ANIMALES II,LEOPARDO,2/ANIMALES II/LEOPARDO.mp4,29.97,69,1280,720,2.3023023023023024,1280x720,4
1,NATURALEZA,PASTO,1/NATURALEZA/PASTO.mp4,29.97,90,600,480,3.0030030030030037,600x480,34
1,DEPARTAMENTOS DE BOLIVIA,SANTA_CRUZ,1/DEPARTAMENTOS DE BOLIVIA/SANTA_CRUZ.mp4,29.97,102,600,480,3.4034034034034035,600x480,15
2,PRENDAS DE VESTIR,PRENDAS_DE_VESTIR,2/PRENDAS DE VESTIR/PRENDAS_DE_VESTIR.mp4,29.97,98,1280,720,3.2699366032699366,1280x720,50
1,NÚMEROS 1 AL 50,VEINTE,1/NÚMEROS 1 AL 50/VEINTE.mp4,29.97,60,1280,720,2.002002002002002,1280x720,37
3,ESCUELA,PÁGINA,3/ESCUELA/PÁGINA.mp4,29.97,94,1280,720,3.1364698031364697,1280x720,20
4,OPUESTOS III,NUEVO,4/OPUESTOS III/NUEVO.mp4,30.0,65,1920,1080,2.1666666666666665,1920x1080,42
4,VERBOS IV,PREOCUPAR,4/VERBOS IV/PREOCUPAR.mp4,30.0,96,1920,1080,3.2,1920x1080,68
3,ANIMALES III,CAMELLO,3/ANIMALES III/CAMELLO.mp4,29.97,120,1280,720,4.004004004004004,1280x720,5
2,ADVERBIOS DE LUGAR,AQUÍ,2/ADVERBIOS DE LUGAR/AQUÍ.mp4,29.97,77,1280,720,2.569235902569236,1280x720,1
4,SALUD II,LÁGRIMAS,4/SALUD II/LÁGRIMAS.mp4,30.0,126,1920,1080,4.2,1920x1080,55
1,NATURALEZA,SOL,1/NATURALEZA/SOL.mp4,29.97,89,600,480,2.9696363029696364,600x480,34
1,ABECEDARIO,B,1/ABECEDARIO/B.mp4,29.97,59,600,480,1.9686353019686356,600x480,0
3,CUMPLEAÑOS,FIESTA,3/CUMPLEAÑOS/FIESTA.mp4,29.97,65,1280,720,2.1688355021688355,1280x720,14
2,COLORES II,VERDE_OLIVO,2/COLORES II/VERDE_OLIVO.mp4,29.97,104,1280,720,3.4701368034701368,1280x720,10
4,DIÁLOGO II,GRUPO,4/DIÁLOGO II/GRUPO.mp4,25.0,69,1920,1080,2.76,1920x1080,18
3,GENERAL I,DEUDA,3/GENERAL I/DEUDA.mp4,29.97,84,1920,1080,2.8028028028028027,1920x1080,26
1,SALUDOS,PERMISO,1/SALUDOS/PERMISO.mp4,29.97,85,1280,720,2.836169502836169,1280x720,57
2,ANIMALES II,MARIPOSA,2/ANIMALES II/MARIPOSA.mp4,29.97,89,1280,720,2.9696363029696364,1280x720,4
1,LUGARES,MERCADO,1/LUGARES/MERCADO.mp4,29.97,89,600,480,2.9696363029696364,600x480,30
4,NATURALEZA II,CASCADA,4/NATURALEZA II/CASCADA.mp4,25.0,77,1920,1080,3.08,1920x1080,35
3,SALUD,SALUD,3/SALUD/SALUD.mp4,29.97,114,1280,720,3.803803803803804,1280x720,54
1,ABECEDARIO,ALFABETO,1/ABECEDARIO/ALFABETO.mp4,29.97,195,600,480,6.506506506506507,600x480,0
4,POLÍTICA II,VOTAR,4/POLÍTICA II/VOTAR.mp4,30.0,48,1920,1080,1.6,1920x1080,48
4,PRENDAS DE VESTIR II,BOTAS,4/PRENDAS DE VESTIR II/BOTAS.mp4,30.0,85,1920,1080,2.833333333333333,1920x1080,51
3,CUMPLEAÑOS,SORPRESA,3/CUMPLEAÑOS/SORPRESA.mp4,29.97,65,1280,720,2.1688355021688355,1280x720,14
1,NÚMEROS 1 AL 50,VEINTITRÉS,1/NÚMEROS 1 AL 50/VEINTITRÉS.mp4,29.97,65,1280,720,2.1688355021688355,1280x720,37
4,SALUD II,LABORATORIO,4/SALUD II/LABORATORIO.mp4,30.0,94,1920,1080,3.1333333333333333,1920x1080,55
2,ANIMALES II,ARAÑA,2/ANIMALES II/ARAÑA.mp4,29.97,79,1280,720,2.6359693026359694,1280x720,4
3,SALUD,VARICELA,3/SALUD/VARICELA.mp4,29.97,94,1280,720,3.1364698031364697,1280x720,54
4,VERBOS IV,GUARDAR,4/VERBOS IV/GUARDAR.mp4,30.0,101,1920,1080,3.3666666666666667,1920x1080,68
1,DEPARTAMENTOS DE BOLIVIA,LA_PAZ,1/DEPARTAMENTOS DE BOLIVIA/LA_PAZ.mp4,29.97,96,600,480,3.2032032032032034,600x480,15
1,NATURALEZA,LLUVIA,1/NATURALEZA/LLUVIA.mp4,29.97,96,600,480,3.2032032032032034,600x480,34
3,HOGAR,LAVARSE_LA_CARA,3/HOGAR/LAVARSE_LA_CARA.mp4,29.97,94,1280,720,3.1364698031364697,1280x720,27
2,TRABAJO,DOCTOR,2/TRABAJO/DOCTOR.mp4,29.97,89,1280,720,2.9696363029696364,1280x720,64
1,ANIMALES,ANIMALES,1/ANIMALES/ANIMALES.mp4,29.97,100,600,480,3.3366700033366703,600x480,3
1,ANIMALES,CONEJO,1/ANIMALES/CONEJO.mp4,29.97,76,600,480,2.5358692025358693,600x480,3
2,ÁREAS DE CONOCIMIENTO,EDUCACIÓN_CÍVICA,2/ÁREAS DE CONOCIMIENTO/EDUCACIÓN_CÍVICA.mp4,29.97,117,1280,720,3.903903903903904,1280x720,70
4,POLÍTICA II,MARCHAR,4/POLÍTICA II/MARCHAR.mp4,30.0,71,1920,1080,2.3666666666666667,1920x1080,48
1,SUSTANTIVOS,PIZARRA,1/SUSTANTIVOS/PIZARRA.mp4,29.97,134,1280,720,4.471137804471138,1280x720,58
2,OPUESTOS,MUCHO(OPCIÓN_B),2/OPUESTOS/MUCHO(OPCIÓN_B).mp4,29.97,91,1280,720,3.0363697030363697,1280x720,40
4,PALABRAS GENERALES II,VERGÜENZA,4/PALABRAS GENERALES II/VERGÜENZA.mp4,25.0,75,1920,1080,3.0,1920x1080,43
2,PAÍSES,BRASIL,2/PAÍSES/BRASIL.mp4,29.97,76,1280,720,2.5358692025358693,1280x720,44
4,POLÍTICA II,CORRUPTO,4/POLÍTICA II/CORRUPTO.mp4,30.0,75,1920,1080,2.5,1920x1080,48
1,PREGUNTAS,QUIÉN(OPCIÓN_A),1/PREGUNTAS/QUIÉN(OPCIÓN_A).mp4,29.97,78,1280,720,2.6026026026026026,1280x720,49
3,OPUESTOS II,GUERRA,3/OPUESTOS II/GUERRA.mp4,29.97,85,1280,720,2.836169502836169,1280x720,41
1,NÚMEROS 1 AL 50,VEINTICINCO,1/NÚMEROS 1 AL 50/VEINTICINCO.mp4,29.97,66,1280,720,2.2022022022022023,1280x720,37
4,PAÍSES II,ITALIA,4/PAÍSES II/ITALIA.mp4,30.0,62,1920,1080,2.066666666666667,1920x1080,45
2,VERBOS II,RECORDAR,2/VERBOS II/RECORDAR.mp4,29.97,103,1280,720,3.4367701034367704,1280x720,66
4,COSAS DE ALIMENTOS,TIBIO,4/COSAS DE ALIMENTOS/TIBIO.mp4,25.0,98,1920,1080,3.92,1920x1080,11
2,ADVERBIOS DE LUGAR,ALLÍ,2/ADVERBIOS DE LUGAR/ALLÍ.mp4,29.97,91,1280,720,3.0363697030363697,1280x720,1
1,NÚMEROS 1 AL 50,UNO,1/NÚMEROS 1 AL 50/UNO.mp4,29.97,54,1280,720,1.8018018018018016,1280x720,37
4,PALABRAS GENERALES II,ACTITUD,4/PALABRAS GENERALES II/ACTITUD.mp4,25.0,54,1920,1080,2.16,1920x1080,43
4,POLÍTICA II,COMPROMISO,4/POLÍTICA II/COMPROMISO.mp4,30.0,80,1920,1080,2.6666666666666665,1920x1080,48
2,ÁREAS DE CONOCIMIENTO,RELIGIÓN,2/ÁREAS DE CONOCIMIENTO/RELIGIÓN.mp4,29.97,84,1280,720,2.8028028028028027,1280x720,70
2,NÚMEROS II,QUINIENTOS,2/NÚMEROS II/QUINIENTOS.mp4,29.97,90,1280,720,3.0030030030030037,1280x720,38
3,ESCUELA,ORACIÓN,3/ESCUELA/ORACIÓN.mp4,29.97,94,1280,720,3.1364698031364697,1280x720,20
4,PRENDAS DE VESTIR II,ABRIGO,4/PRENDAS DE VESTIR II/ABRIGO.mp4,30.0,110,1920,1080,3.6666666666666665,1920x1080,51
1,NATURALEZA,FRÍO,1/NATURALEZA/FRÍO.mp4,29.97,60,600,480,2.002002002002002,600x480,34
4,NÚMEROS IV,NOVECIENTOS_MIL_CUATROCIENTOS,4/NÚMEROS IV/NOVECIENTOS_MIL_CUATROCIENTOS.mp4,25.0,109,1920,1080,4.36,1920x1080,39
3,DEPORTES,BÁSQUET,3/DEPORTES/BÁSQUET.mp4,29.97,85,1280,720,2.836169502836169,1280x720,16
4,VERBOS IV,EXPLICAR,4/VERBOS IV/EXPLICAR.mp4,30.0,107,1920,1080,3.566666666666667,1920x1080,68
1,PRONOMBRES,ELLA,1/PRONOMBRES/ELLA.mp4,29.97,91,1280,720,3.0363697030363697,1280x720,52
1,NÚMEROS 1 AL 50,DIECISIETE,1/NÚMEROS 1 AL 50/DIECISIETE.mp4,29.97,86,1280,720,2.8695362028695364,1280x720,37
1,ABECEDARIO,CH,1/ABECEDARIO/CH.mp4,29.97,97,600,480,3.2365699032365702,600x480,0
4,PERSONAS,PAREJA,4/PERSONAS/PAREJA.mp4,30.0,88,1920,1080,2.933333333333333,1920x1080,46
3,HOGAR,PEINE,3/HOGAR/PEINE.mp4,29.97,109,1280,720,3.6369703036369705,1280x720,27
2,TRABAJO,ARQUITECTO,2/TRABAJO/ARQUITECTO.mp4,29.97,108,1280,720,3.603603603603604,1280x720,64
2,OPUESTOS,BUENO,2/OPUESTOS/BUENO.mp4,29.97,110,1280,720,3.670337003670337,1280x720,40
2,COLORES II,AMARILLO_FOSFORESCENTE,2/COLORES II/AMARILLO_FOSFORESCENTE.mp4,29.97,93,1280,720,3.1031031031031038,1280x720,10
4,BEBIDAS,CERVEZA,4/BEBIDAS/CERVEZA.mp4,25.0,54,1920,1080,2.16,1920x1080,6
1,SUSTANTIVOS,PELOTA,1/SUSTANTIVOS/PELOTA.mp4,29.97,84,1280,720,2.8028028028028027,1280x720,58
4,SALUD II,ESQUELETO,4/SALUD II/ESQUELETO.mp4,30.0,99,1920,1080,3.3,1920x1080,55
4,POLÍTICA II,PODER,4/POLÍTICA II/PODER.mp4,30.0,48,1920,1080,1.6,1920x1080,48
4,DIÁLOGO II,DESOBEDIENTE,4/DIÁLOGO II/DESOBEDIENTE.mp4,25.0,74,1920,1080,2.96,1920x1080,18
3,ESCUELA,PALABRA,3/ESCUELA/PALABRA.mp4,29.97,73,1280,720,2.4357691024357693,1280x720,20
3,LUGARES II,GARAJE,3/LUGARES II/GARAJE.mp4,29.97,92,1280,720,3.0697364030697365,1280x720,31
1,ANIMALES,GALLINA,1/ANIMALES/GALLINA.mp4,29.97,72,600,480,2.4024024024024024,600x480,3
1,ANIMALES,PERRO,1/ANIMALES/PERRO.mp4,29.97,57,600,480,1.901901901901902,600x480,3
2,PRENDAS DE VESTIR,SOSTÉN,2/PRENDAS DE VESTIR/SOSTÉN.mp4,29.97,85,1280,720,2.836169502836169,1280x720,50
4,VERBOS IV,PROBAR,4/VERBOS IV/PROBAR.mp4,30.0,110,1920,1080,3.6666666666666665,1920x1080,68
3,POLÍTICA,REGLAMENTO,3/POLÍTICA/REGLAMENTO.mp4,29.97,85,1280,720,2.836169502836169,1280x720,47
2,FAMILIA II,CUÑADA,2/FAMILIA II/CUÑADA.mp4,29.97,66,1280,720,2.2022022022022023,1280x720,24
4,POLÍTICA II,FUNDAR,4/POLÍTICA II/FUNDAR.mp4,30.0,53,1920,1080,1.7666666666666666,1920x1080,48
4,VERBOS IV,PELEAR,4/VERBOS IV/PELEAR.mp4,30.0,103,1920,1080,3.433333333333333,1920x1080,68
4,COSAS DE ANIMALES,VELOZ,4/COSAS DE ANIMALES/VELOZ.mp4,25.0,51,1920,1080,2.04,1920x1080,12
4,PERSONAS,DAMA,4/PERSONAS/DAMA.mp4,30.0,82,1920,1080,2.7333333333333334,1920x1080,46
3,ESTADO CIVIL,CONCUBINA,3/ESTADO CIVIL/CONCUBINA.mp4,29.97,113,1280,720,3.770437103770437,1280x720,22
3,SALUD,VÓMITO,3/SALUD/VÓMITO.mp4,29.97,105,1280,720,3.503503503503504,1280x720,54
1,DEPARTAMENTOS DE BOLIVIA,TARIJA,1/DEPARTAMENTOS DE BOLIVIA/TARIJA.mp4,29.97,89,600,480,2.9696363029696364,600x480,15
1,MEDIOS DE TRANSPORTE,HELICÓPTERO,1/MEDIOS DE TRANSPORTE/HELICÓPTERO.mp4,29.97,91,600,480,3.0363697030363697,600x480,33
4,OPUESTOS III,FELIZ,4/OPUESTOS III/FELIZ.mp4,30.0,78,1920,1080,2.6,1920x1080,42
1,DEPARTAMENTOS DE BOLIVIA,COCHABAMBA,1/DEPARTAMENTOS DE BOLIVIA/COCHABAMBA.mp4,29.97,96,600,480,3.2032032032032034,600x480,15
1,NÚMEROS 1 AL 50,DIECIOCHO,1/NÚMEROS 1 AL 50/DIECIOCHO.mp4,29.97,87,1280,720,2.902902902902903,1280x720,37
2,COLORES II,VERDE_CLARO,2/COLORES II/VERDE_CLARO.mp4,29.97,111,1280,720,3.703703703703704,1280x720,10
1,VERBOS,PRACTICAR,1/VERBOS/PRACTICAR.mp4,29.97,96,1280,720,3.2032032032032034,1280x720,65
4,POLÍTICA II,OFICIAL,4/POLÍTICA II/OFICIAL.mp4,30.0,36,1920,1080,1.2,1920x1080,48
2,OPUESTOS,LENTO,2/OPUESTOS/LENTO.mp4,29.97,97,1280,720,3.2365699032365702,1280x720,40
3,CUMPLEAÑOS,VIDEO,3/CUMPLEAÑOS/VIDEO.mp4,29.97,78,1280,720,2.6026026026026026,1280x720,14
2,VERBOS II,OLVIDAR,2/VERBOS II/OLVIDAR.mp4,29.97,79,1280,720,2.6359693026359694,1280x720,66
2,OPUESTOS,MENTIRA,2/OPUESTOS/MENTIRA.mp4,29.97,87,1280,720,2.902902902902903,1280x720,40
1,NÚMEROS 1 AL 50,TREINTA,1/NÚMEROS 1 AL 50/TREINTA.mp4,29.97,67,1280,720,2.235568902235569,1280x720,37
4,OPUESTOS III,DESAPARECER,4/OPUESTOS III/DESAPARECER.mp4,30.0,50,1920,1080,1.6666666666666667,1920x1080,42
4,HOGAR II,SECADOR,4/HOGAR II/SECADOR.mp4,25.0,89,1920,1080,3.56,1920x1080,28
2,TRABAJO,SALARIO,2/TRABAJO/SALARIO.mp4,29.97,76,1280,720,2.5358692025358693,1280x720,64
3,DEPORTES,VOLIBOL,3/DEPORTES/VOLIBOL.mp4,29.97,86,1280,720,2.8695362028695364,1280x720,16
2,SALUD SEXUAL Y REPRODUCTIVA,VIDA,2/SALUD SEXUAL Y REPRODUCTIVA/VIDA.mp4,29.97,70,1280,720,2.335669002335669,1280x720,56
4,PALABRAS GENERALES II,CONFIANZA,4/PALABRAS GENERALES II/CONFIANZA.mp4,25.0,91,1920,1080,3.64,1920x1080,43
3,NÚMEROS,UN_MIL,3/NÚMEROS/UN_MIL.mp4,29.97,74,1280,720,2.469135802469136,1280x720,36
3,HOGAR,PLANCHA_PARA_ROPA,3/HOGAR/PLANCHA_PARA_ROPA.mp4,29.97,108,1280,720,3.603603603603604,1280x720,27
1,MEDIOS DE TRANSPORTE,MICRO,1/MEDIOS DE TRANSPORTE/MICRO.mp4,29.97,67,600,480,2.235568902235569,600x480,33
2,LUGARES TURÍSTICOS,COPACABANA,2/LUGARES TURÍSTICOS/COPACABANA.mp4,29.97,86,1280,720,2.8695362028695364,1280x720,32
4,SALUD II,NORMAL,4/SALUD II/NORMAL.mp4,30.0,100,1920,1080,3.333333333333333,1920x1080,55
3,LUGARES II,TIENDA,3/LUGARES II/TIENDA.mp4,29.97,85,1280,720,2.836169502836169,1280x720,31
4,COSAS DE ANIMALES,RUGIR,4/COSAS DE ANIMALES/RUGIR.mp4,25.0,91,1920,1080,3.64,1920x1080,12
1,TIEMPO,PASADO_MAÑANA,1/TIEMPO/PASADO_MAÑANA.mp4,29.97,72,1280,720,2.4024024024024024,1280x720,61
3,POLÍTICA,IMPUESTO,3/POLÍTICA/IMPUESTO.mp4,29.97,91,1280,720,3.0363697030363697,1280x720,47
1,CUERPO HUMANO,MANOS,1/CUERPO HUMANO/MANOS.mp4,29.97,99,600,480,3.3033033033033035,600x480,13
1,PREGUNTAS,POR_QUÉ,1/PREGUNTAS/POR_QUÉ.mp4,29.97,62,1280,720,2.0687354020687354,1280x720,49
3,CUMPLEAÑOS,GLOBO,3/CUMPLEAÑOS/GLOBO.mp4,29.97,71,1280,720,2.369035702369036,1280x720,14
4,PRENDAS DE VESTIR II,POLLERA,4/PRENDAS DE VESTIR II/POLLERA.mp4,30.0,58,1920,1080,1.9333333333333331,1920x1080,51
1,COLORES,COLORES,1/COLORES/COLORES.mp4,29.97,91,600,480,3.0363697030363697,600x480,9
4,ESCUELA II,RAZÓN,4/ESCUELA II/RAZÓN.mp4,25.0,78,1920,1080,3.12,1920x1080,21
2,NÚMEROS II,NOVENTA,2/NÚMEROS II/NOVENTA.mp4,29.97,104,1280,720,3.4701368034701368,1280x720,38
1,ABECEDARIO,Z,1/ABECEDARIO/Z.mp4,29.97,92,600,480,3.0697364030697365,600x480,0
1,SALUDOS,TE_AMO,1/SALUDOS/TE_AMO.mp4,29.97,75,1280,720,2.5025025025025025,1280x720,57
1,MEDIOS DE TRANSPORTE,TAXI,1/MEDIOS DE TRANSPORTE/TAXI.mp4,29.97,81,600,480,2.702702702702702,600x480,33
4,ESCUELA II,LISTO,4/ESCUELA II/LISTO.mp4,25.0,57,1920,1080,2.28,1920x1080,21
4,PERSONAS,CABALLERO,4/PERSONAS/CABALLERO.mp4,30.0,70,1920,1080,2.333333333333333,1920x1080,46
3,OPUESTOS II,FÁCIL,3/OPUESTOS II/FÁCIL.mp4,29.97,89,1280,720,2.9696363029696364,1280x720,41
1,VERBOS,COMER,1/VERBOS/COMER.mp4,29.97,70,1280,720,2.335669002335669,1280x720,65
1,TIEMPO,AÑO,1/TIEMPO/AÑO.mp4,29.97,70,1280,720,2.335669002335669,1280x720,61
1,NÚMEROS 1 AL 50,TRES,1/NÚMEROS 1 AL 50/TRES.mp4,29.97,60,1280,720,2.002002002002002,1280x720,37
3,POLÍTICA,JUEZ,3/POLÍTICA/JUEZ.mp4,29.97,108,1280,720,3.603603603603604,1280x720,47
1,COLORES,ROSADO,1/COLORES/ROSADO.mp4,29.97,91,600,480,3.0363697030363697,600x480,9
4,POLÍTICA II,PRESO,4/POLÍTICA II/PRESO.mp4,30.0,58,1920,1080,1.9333333333333331,1920x1080,48
1,ABECEDARIO,U,1/ABECEDARIO/U.mp4,29.97,75,600,480,2.5025025025025025,600x480,0
3,VERBOS III,AVISAR,3/VERBOS III/AVISAR.mp4,29.97,106,1920,1080,3.5368702035368704,1920x1080,67
3,LUGARES II,CINE,3/LUGARES II/CINE.mp4,29.97,79,1280,720,2.6359693026359694,1280x720,31
1,CUERPO HUMANO,CUERPO_HUMANO,1/CUERPO HUMANO/CUERPO_HUMANO.mp4,29.97,156,600,480,5.205205205205205,600x480,13
4,SUSTANTIVOS IV,CORTA_UÑAS,4/SUSTANTIVOS IV/CORTA_UÑAS.mp4,30.0,77,1920,1080,2.566666666666667,1920x1080,60
2,TIEMPO II,TEMPRANO,2/TIEMPO II/TEMPRANO.mp4,29.97,64,1280,720,2.135468802135469,1280x720,62
3,OPUESTOS II,DERECHO,3/OPUESTOS II/DERECHO.mp4,29.97,66,1280,720,2.2022022022022023,1280x720,41
3,VERBOS III,AMENAZAR,3/VERBOS III/AMENAZAR.mp4,29.97,85,1920,1080,2.836169502836169,1920x1080,67
2,ADVERBIOS DE LUGAR,DENTRO,2/ADVERBIOS DE LUGAR/DENTRO.mp4,29.97,113,1280,720,3.770437103770437,1280x720,1
1,PREGUNTAS,QUIÉN(OPCIÓN_B),1/PREGUNTAS/QUIÉN(OPCIÓN_B).mp4,29.97,69,1280,720,2.3023023023023024,1280x720,49
3,LUGARES II,CEMENTERIO,3/LUGARES II/CEMENTERIO.mp4,29.97,115,1280,720,3.8371705038371706,1280x720,31
4,SALUD II,LESIÓN,4/SALUD II/LESIÓN.mp4,30.0,102,1920,1080,3.4,1920x1080,55
3,LUGARES II,COLISEO,3/LUGARES II/COLISEO.mp4,29.97,95,1280,720,3.169836503169837,1280x720,31
4,DIÁLOGO II,REEMPLAZAR,4/DIÁLOGO II/REEMPLAZAR.mp4,25.0,62,1920,1080,2.48,1920x1080,18
2,FAMILIA II,TÍO,2/FAMILIA II/TÍO.mp4,29.97,58,1280,720,1.9352686019352687,1280x720,24
2,LUGARES TURÍSTICOS,LUGARES_TURÍSTICOS,2/LUGARES TURÍSTICOS/LUGARES_TURÍSTICOS.mp4,29.97,112,1280,720,3.737070403737071,1280x720,32
4,POLÍTICA II,SOLUCIÓN,4/POLÍTICA II/SOLUCIÓN.mp4,30.0,67,1920,1080,2.2333333333333334,1920x1080,48
1,MEDIOS DE TRANSPORTE,MEDIOS_DE_TRANSPORTE,1/MEDIOS DE TRANSPORTE/MEDIOS_DE_TRANSPORTE.mp4,29.97,89,600,480,2.9696363029696364,600x480,33
3,HOGAR,LLAVE,3/HOGAR/LLAVE.mp4,29.97,75,1280,720,2.5025025025025025,1280x720,27
3,OPUESTOS II,POSIBLE,3/OPUESTOS II/POSIBLE.mp4,29.97,73,1280,720,2.4357691024357693,1280x720,41
2,NÚMEROS II,OCHENTA,2/NÚMEROS II/OCHENTA.mp4,29.97,108,1280,720,3.603603603603604,1280x720,38
1,FAMILIA,FAMILIA,1/FAMILIA/FAMILIA.mp4,29.97,126,600,480,4.2042042042042045,600x480,23
3,LUGARES II,AVENIDA,3/LUGARES II/AVENIDA.mp4,29.97,78,1280,720,2.6026026026026026,1280x720,31
2,EDUCACIÓN,EDUCACIÓN_BILINGUE,2/EDUCACIÓN/EDUCACIÓN_BILINGUE.mp4,29.97,151,1280,720,5.038371705038372,1280x720,19
1,CALENDARIO,SEPTIEMBRE,1/CALENDARIO/SEPTIEMBRE.mp4,29.97,90,600,480,3.0030030030030037,600x480,7
1,ABECEDARIO,P,1/ABECEDARIO/P.mp4,29.97,76,600,480,2.5358692025358693,600x480,0
4,ESCUELA II,CONTENIDO,4/ESCUELA II/CONTENIDO.mp4,25.0,78,1920,1080,3.12,1920x1080,21
3,NÚMEROS,CIEN_MIL,3/NÚMEROS/CIEN_MIL.mp4,29.97,100,1280,720,3.3366700033366703,1280x720,36
4,OPUESTOS III,ORDENAR,4/OPUESTOS III/ORDENAR.mp4,30.0,97,1920,1080,3.2333333333333334,1920x1080,42
3,POLÍTICA,DEPARTAMENTAL,3/POLÍTICA/DEPARTAMENTAL.mp4,29.97,123,1280,720,4.104104104104104,1280x720,47
1,ABECEDARIO,H,1/ABECEDARIO/H.mp4,29.97,76,600,480,2.5358692025358693,600x480,0
2,VERDURAS II,COLIFLOR,2/VERDURAS II/COLIFLOR.mp4,29.97,114,1280,720,3.803803803803804,1280x720,69
4,HOGAR II,DETERGENTE_DE_ROPA,4/HOGAR II/DETERGENTE_DE_ROPA.mp4,25.0,81,1920,1080,3.24,1920x1080,28
2,VERBOS II,OÍR,2/VERBOS II/OÍR.mp4,29.97,98,1280,720,3.2699366032699366,1280x720,66
2,COLORES II,CELESTE_PASTEL,2/COLORES II/CELESTE_PASTEL.mp4,29.97,118,1280,720,3.937270603937271,1280x720,10
2,EDUCACIÓN,SECUNDARIA,2/EDUCACIÓN/SECUNDARIA.mp4,29.97,100,1280,720,3.3366700033366703,1280x720,19
1,DEPARTAMENTOS DE BOLIVIA,BENI,1/DEPARTAMENTOS DE BOLIVIA/BENI.mp4,29.97,97,600,480,3.2365699032365702,600x480,15
4,PAÍSES II,HOLANDA,4/PAÍSES II/HOLANDA.mp4,30.0,48,1920,1080,1.6,1920x1080,45
4,PERSONAS,EDAD,4/PERSONAS/EDAD.mp4,30.0,68,1920,1080,2.2666666666666666,1920x1080,46
1,SALUDOS,CHAU,1/SALUDOS/CHAU.mp4,29.97,56,1280,720,1.8685352018685355,1280x720,57
1,SUSTANTIVOS,PAPEL,1/SUSTANTIVOS/PAPEL.mp4,29.97,73,1280,720,2.4357691024357693,1280x720,58
2,ANIMALES II,PAVO_REAL,2/ANIMALES II/PAVO_REAL.mp4,29.97,89,1280,720,2.9696363029696364,1280x720,4
2,OPUESTOS,NEGATIVO,2/OPUESTOS/NEGATIVO.mp4,29.97,91,1280,720,3.0363697030363697,1280x720,40
4,NÚMEROS IV,OCHOCIENTOS_TREINTA_MIL,4/NÚMEROS IV/OCHOCIENTOS_TREINTA_MIL.mp4,25.0,108,1920,1080,4.32,1920x1080,39
1,SUSTANTIVOS,FRAZADA,1/SUSTANTIVOS/FRAZADA.mp4,29.97,108,1280,720,3.603603603603604,1280x720,58
3,COCINA,KILO,3/COCINA/KILO.mp4,29.97,84,1280,720,2.8028028028028027,1280x720,8
1,CALENDARIO,AGOSTO,1/CALENDARIO/AGOSTO.mp4,29.97,95,600,480,3.169836503169837,600x480,7
3,CUMPLEAÑOS,FELICIDADES,3/CUMPLEAÑOS/FELICIDADES.mp4,29.97,92,1280,720,3.0697364030697365,1280x720,14
1,ANIMALES,LORO,1/ANIMALES/LORO.mp4,29.97,90,600,480,3.0030030030030037,600x480,3
1,SALUDOS,CÓMO_ESTÁS,1/SALUDOS/CÓMO_ESTÁS.mp4,29.97,95,1280,720,3.169836503169837,1280x720,57
2,PRENDAS DE VESTIR,MEDIAS,2/PRENDAS DE VESTIR/MEDIAS.mp4,29.97,74,1280,720,2.469135802469136,1280x720,50
3,DIÁLOGO,CONTESTAR,3/DIÁLOGO/CONTESTAR.mp4,29.97,84,1280,720,2.8028028028028027,1280x720,17
2,VERDURAS II,APIO,2/VERDURAS II/APIO.mp4,29.97,116,1280,720,3.8705372038705375,1280x720,69
2,VERBOS II,TENER,2/VERBOS II/TENER.mp4,29.97,77,1280,720,2.569235902569236,1280x720,66
2,ADVERBIOS DE LUGAR,ALLÁ,2/ADVERBIOS DE LUGAR/ALLÁ.mp4,29.97,95,1280,720,3.169836503169837,1280x720,1
1,SALUDOS,GRACIAS,1/SALUDOS/GRACIAS.mp4,29.97,78,1280,720,2.6026026026026026,1280x720,57
3,DIÁLOGO,REHUSAR,3/DIÁLOGO/REHUSAR.mp4,29.97,83,1280,720,2.7694361027694363,1280x720,17
3,HOGAR,PAPEL_HIGIÉNICO,3/HOGAR/PAPEL_HIGIÉNICO.mp4,29.97,77,1280,720,2.569235902569236,1280x720,27
2,VERBOS II,VIAJAR,2/VERBOS II/VIAJAR.mp4,29.97,87,1280,720,2.902902902902903,1280x720,66
4,POLÍTICA II,ELECCIÓN,4/POLÍTICA II/ELECCIÓN.mp4,30.0,74,1920,1080,2.466666666666667,1920x1080,48
4,POLÍTICA II,GARANTE,4/POLÍTICA II/GARANTE.mp4,30.0,70,1920,1080,2.333333333333333,1920x1080,48
3,DIÁLOGO,VENGANZA,3/DIÁLOGO/VENGANZA.mp4,29.97,72,1280,720,2.4024024024024024,1280x720,17
4,BEBIDAS,SPRITE,4/BEBIDAS/SPRITE.mp4,25.0,51,1920,1080,2.04,1920x1080,6
1,ALIMENTOS,GALLETAS,1/ALIMENTOS/GALLETAS.mp4,29.97,74,600,480,2.469135802469136,600x480,2
3,SALUD,ENFERMEDADES,3/SALUD/ENFERMEDADES.mp4,29.97,169,1280,720,5.638972305638973,1280x720,54
3,NÚMEROS,NUEVE_MIL,3/NÚMEROS/NUEVE_MIL.mp4,29.97,90,1280,720,3.0030030030030037,1280x720,36
1,SALUDOS,MAL,1/SALUDOS/MAL.mp4,29.97,90,1280,720,3.0030030030030037,1280x720,57
2,ÁREAS DE CONOCIMIENTO,FILOSOFÍA,2/ÁREAS DE CONOCIMIENTO/FILOSOFÍA.mp4,29.97,98,1280,720,3.2699366032699366,1280x720,70
4,HOGAR II,SARTÉN,4/HOGAR II/SARTÉN.mp4,25.0,69,1920,1080,2.76,1920x1080,28
2,TRABAJO,TRABAJADOR,2/TRABAJO/TRABAJADOR.mp4,29.97,87,1280,720,2.902902902902903,1280x720,64
3,HOGAR,BASURERO,3/HOGAR/BASURERO.mp4,29.97,85,1280,720,2.836169502836169,1280x720,27
2,PAÍSES,ESTADOS_UNIDOS,2/PAÍSES/ESTADOS_UNIDOS.mp4,29.97,89,1280,720,2.9696363029696364,1280x720,44
4,COSAS DE ANIMALES,SELVA,4/COSAS DE ANIMALES/SELVA.mp4,25.0,80,1920,1080,3.2,1920x1080,12
3,DIÁLOGO,PRIMERA_VEZ,3/DIÁLOGO/PRIMERA_VEZ.mp4,29.97,108,1280,720,3.603603603603604,1280x720,17
4,POLÍTICA II,PERSONERÍA_JURÍDICA,4/POLÍTICA II/PERSONERÍA_JURÍDICA.mp4,30.0,66,1920,1080,2.2,1920x1080,48
1,FAMILIA,MUJER,1/FAMILIA/MUJER.mp4,29.97,101,600,480,3.3700367033700367,600x480,23
2,FAMILIA II,SUEGRO,2/FAMILIA II/SUEGRO.mp4,29.97,89,1280,720,2.9696363029696364,1280x720,24
2,SUSTANTIVOS,INTERNET,2/SUSTANTIVOS/INTERNET.mp4,29.97,99,1280,720,3.3033033033033035,1280x720,58
1,VERBOS,VENDER,1/VERBOS/VENDER.mp4,29.97,86,1280,720,2.8695362028695364,1280x720,65
2,OPUESTOS,SUAVE,2/OPUESTOS/SUAVE.mp4,29.97,91,1280,720,3.0363697030363697,1280x720,40
1,COLORES,AZUL,1/COLORES/AZUL.mp4,29.97,91,600,480,3.0363697030363697,600x480,9
4,DIÁLOGO II,HUMILDE,4/DIÁLOGO II/HUMILDE.mp4,25.0,69,1920,1080,2.76,1920x1080,18
3,CUMPLEAÑOS,CARAMELOS,3/CUMPLEAÑOS/CARAMELOS.mp4,29.97,60,1280,720,2.002002002002002,1280x720,14
4,PERSONAS,ADOLESCENTE,4/PERSONAS/ADOLESCENTE.mp4,30.0,71,1920,1080,2.3666666666666667,1920x1080,46
4,DIÁLOGO II,IGNORAR,4/DIÁLOGO II/IGNORAR.mp4,25.0,58,1920,1080,2.32,1920x1080,18
1,VERBOS,COCINAR,1/VERBOS/COCINAR.mp4,29.97,68,1280,720,2.2689356022689355,1280x720,65
2,VERBOS II,JUGAR,2/VERBOS II/JUGAR.mp4,29.97,81,1280,720,2.702702702702702,1280x720,66
4,PERSONAS,GEMELOS,4/PERSONAS/GEMELOS.mp4,30.0,73,1920,1080,2.433333333333333,1920x1080,46
4,PRENDAS DE VESTIR II,PANTY,4/PRENDAS DE VESTIR II/PANTY.mp4,30.0,73,1920,1080,2.433333333333333,1920x1080,51
1,NÚMEROS 1 AL 50,OCHO,1/NÚMEROS 1 AL 50/OCHO.mp4,29.97,71,1280,720,2.369035702369036,1280x720,37
2,TIEMPO II,FUTURO,2/TIEMPO II/FUTURO.mp4,29.97,69,1280,720,2.3023023023023024,1280x720,62
4,PERSONAS,MUCHACHA,4/PERSONAS/MUCHACHA.mp4,30.0,94,1920,1080,3.1333333333333333,1920x1080,46
4,BEBIDAS,CHICHA,4/BEBIDAS/CHICHA.mp4,25.0,67,1920,1080,2.68,1920x1080,6
4,VERBOS IV,SECRETO,4/VERBOS IV/SECRETO.mp4,30.0,110,1920,1080,3.6666666666666665,1920x1080,68
1,ABECEDARIO,T,1/ABECEDARIO/T.mp4,29.97,70,600,480,2.335669002335669,600x480,0
4,HOGAR II,TRAPEAR,4/HOGAR II/TRAPEAR.mp4,25.0,72,1920,1080,2.88,1920x1080,28
1,SALUDOS,BUENOS_DÍAS,1/SALUDOS/BUENOS_DÍAS.mp4,29.97,91,1280,720,3.0363697030363697,1280x720,57
1,FAMILIA,HOMBRE,1/FAMILIA/HOMBRE.mp4,29.97,86,600,480,2.8695362028695364,600x480,23
2,COLORES II,PLOMO,2/COLORES II/PLOMO.mp4,29.97,69,1280,720,2.3023023023023024,1280x720,10
1,PREGUNTAS,CÓMO,1/PREGUNTAS/CÓMO.mp4,29.97,74,1280,720,2.469135802469136,1280x720,49
2,LUGARES TURÍSTICOS,COTOCA,2/LUGARES TURÍSTICOS/COTOCA.mp4,29.97,111,1280,720,3.703703703703704,1280x720,32
4,OPUESTOS III,VIEJO,4/OPUESTOS III/VIEJO.mp4,30.0,52,1920,1080,1.7333333333333334,1920x1080,42
2,FAMILIA II,NINA,2/FAMILIA II/NINA.mp4,29.97,78,1280,720,2.6026026026026026,1280x720,24
1,NATURALEZA,ÁRBOL,1/NATURALEZA/ÁRBOL.mp4,29.97,67,600,480,2.235568902235569,600x480,34
1,LUGARES,RESTAURANTE,1/LUGARES/RESTAURANTE.mp4,29.97,67,600,480,2.235568902235569,600x480,30
1,SALUDOS,ESTOY_BIEN,1/SALUDOS/ESTOY_BIEN.mp4,29.97,88,1280,720,2.9362696029362696,1280x720,57
2,LUGARES TURÍSTICOS,CERRO_RICO_DE_POTOSÍ,2/LUGARES TURÍSTICOS/CERRO_RICO_DE_POTOSÍ.mp4,29.97,134,1280,720,4.471137804471138,1280x720,32
4,PALABRAS GENERALES II,CÓMODO,4/PALABRAS GENERALES II/CÓMODO.mp4,25.0,91,1920,1080,3.64,1920x1080,43
1,LUGARES,CASA,1/LUGARES/CASA.mp4,29.97,103,600,480,3.4367701034367704,600x480,30
2,VERBOS II,BAILAR,2/VERBOS II/BAILAR.mp4,29.97,93,1280,720,3.1031031031031038,1280x720,66
3,COCINA,ALMUERZO,3/COCINA/ALMUERZO.mp4,29.97,80,1280,720,2.669336002669336,1280x720,8
4,NATURALEZA II,HUMEDAD,4/NATURALEZA II/HUMEDAD.mp4,25.0,68,1920,1080,2.72,1920x1080,35
4,POLÍTICA II,CONGRESO,4/POLÍTICA II/CONGRESO.mp4,30.0,84,1920,1080,2.8,1920x1080,48
4,POLÍTICA II,ANUNCIAR,4/POLÍTICA II/ANUNCIAR.mp4,30.0,54,1920,1080,1.8,1920x1080,48
3,HOGAR,DENTRÍFICO,3/HOGAR/DENTRÍFICO.mp4,29.97,112,1280,720,3.737070403737071,1280x720,27
3,CUMPLEAÑOS,REGALAR,3/CUMPLEAÑOS/REGALAR.mp4,29.97,65,1280,720,2.1688355021688355,1280x720,14
4,POLÍTICA II,SOBORNO,4/POLÍTICA II/SOBORNO.mp4,30.0,80,1920,1080,2.6666666666666665,1920x1080,48
3,ESCUELA,LIBRETA,3/ESCUELA/LIBRETA.mp4,29.97,74,1280,720,2.469135802469136,1280x720,20
3,DEPORTES,RAQUETBOL,3/DEPORTES/RAQUETBOL.mp4,29.97,131,1280,720,4.371037704371038,1280x720,16
4,HOGAR II,ALQUILER,4/HOGAR II/ALQUILER.mp4,25.0,66,1920,1080,2.64,1920x1080,28
1,NÚMEROS 1 AL 50,DIECISÉIS,1/NÚMEROS 1 AL 50/DIECISÉIS.mp4,29.97,79,1280,720,2.6359693026359694,1280x720,37
3,NÚMEROS,SETECIENTOS,3/NÚMEROS/SETECIENTOS.mp4,29.97,68,1280,720,2.2689356022689355,1280x720,36
4,PAÍSES II,COSTA_RICA,4/PAÍSES II/COSTA_RICA.mp4,30.0,69,1920,1080,2.3,1920x1080,45
3,OPUESTOS II,CLARO,3/OPUESTOS II/CLARO.mp4,29.97,81,1280,720,2.702702702702702,1280x720,41
3,TIEMPO III,URGENTE,3/TIEMPO III/URGENTE.mp4,29.97,70,1440,1080,2.335669002335669,1440x1080,63
3,POLÍTICA,ESTATUTO,3/POLÍTICA/ESTATUTO.mp4,29.97,86,1280,720,2.8695362028695364,1280x720,47
2,OPUESTOS,GRANDE,2/OPUESTOS/GRANDE.mp4,29.97,98,1280,720,3.2699366032699366,1280x720,40
1,LUGARES,IGLESIA,1/LUGARES/IGLESIA.mp4,29.97,85,600,480,2.836169502836169,600x480,30
1,COLORES,BLANCO,1/COLORES/BLANCO.mp4,29.97,78,600,480,2.6026026026026026,600x480,9
2,FAMILIA II,SOBRINA,2/FAMILIA II/SOBRINA.mp4,29.97,72,1280,720,2.4024024024024024,1280x720,24
4,PAÍSES II,AUSTRIA,4/PAÍSES II/AUSTRIA.mp4,30.0,61,1920,1080,2.033333333333333,1920x1080,45
1,FAMILIA,ESPOSA,1/FAMILIA/ESPOSA.mp4,29.97,108,600,480,3.603603603603604,600x480,23
1,NATURALEZA,VALLE,1/NATURALEZA/VALLE.mp4,29.97,85,600,480,2.836169502836169,600x480,34
4,INSECTOS,MOSCA,4/INSECTOS/MOSCA.mp4,25.0,54,1920,1080,2.16,1920x1080,29
3,COCINA,LITRO,3/COCINA/LITRO.mp4,29.97,74,1280,720,2.469135802469136,1280x720,8
4,COSAS DE ALIMENTOS,CALIENTE,4/COSAS DE ALIMENTOS/CALIENTE.mp4,25.0,73,1920,1080,2.92,1920x1080,11
1,COLORES,NARANJA,1/COLORES/NARANJA.mp4,29.97,86,600,480,2.8695362028695364,600x480,9
3,CUMPLEAÑOS,BESO,3/CUMPLEAÑOS/BESO.mp4,29.97,64,1280,720,2.135468802135469,1280x720,14
4,BEBIDAS,FANTA,4/BEBIDAS/FANTA.mp4,25.0,55,1920,1080,2.2,1920x1080,6
3,SALUD,MALESTAR,3/SALUD/MALESTAR.mp4,29.97,122,1280,720,4.070737404070737,1280x720,54
4,VERBOS IV,USAR,4/VERBOS IV/USAR.mp4,30.0,101,1920,1080,3.3666666666666667,1920x1080,68
3,DEPORTES,OLIMPIADAS,3/DEPORTES/OLIMPIADAS.mp4,29.97,98,1280,720,3.2699366032699366,1280x720,16
1,CALENDARIO,FEBRERO,1/CALENDARIO/FEBRERO.mp4,29.97,99,600,480,3.3033033033033035,600x480,7
2,TRABAJO,TRABAJO,2/TRABAJO/TRABAJO.mp4,29.97,70,1280,720,2.335669002335669,1280x720,64
3,TIEMPO III,SEGUNDO,3/TIEMPO III/SEGUNDO.mp4,29.97,86,1440,1080,2.8695362028695364,1440x1080,63
3,COCINA,DESAYUNO,3/COCINA/DESAYUNO.mp4,29.97,62,1280,720,2.0687354020687354,1280x720,8
3,ANIMALES III,CIERVO,3/ANIMALES III/CIERVO.mp4,29.97,56,1280,720,1.8685352018685355,1280x720,5
1,MEDIOS DE TRANSPORTE,AUTO,1/MEDIOS DE TRANSPORTE/AUTO.mp4,29.97,75,600,480,2.5025025025025025,600x480,33
4,SUSTANTIVOS IV,BASTÓN,4/SUSTANTIVOS IV/BASTÓN.mp4,30.0,104,1920,1080,3.466666666666667,1920x1080,60
4,PERSONAS,INFIEL,4/PERSONAS/INFIEL.mp4,30.0,85,1920,1080,2.833333333333333,1920x1080,46
1,NÚMEROS 1 AL 50,SIETE,1/NÚMEROS 1 AL 50/SIETE.mp4,29.97,57,1280,720,1.901901901901902,1280x720,37
4,DIÁLOGO II,FAMOSO,4/DIÁLOGO II/FAMOSO.mp4,25.0,94,1920,1080,3.76,1920x1080,18
1,ABECEDARIO,K,1/ABECEDARIO/K.mp4,29.97,55,600,480,1.8351685018351689,600x480,0
3,POLÍTICA,COCA,3/POLÍTICA/COCA.mp4,29.97,83,1280,720,2.7694361027694363,1280x720,47
2,PAÍSES,PARAGUAY,2/PAÍSES/PARAGUAY.mp4,29.97,92,1280,720,3.0697364030697365,1280x720,44
2,TRABAJO,MAESTRO,2/TRABAJO/MAESTRO.mp4,29.97,84,1280,720,2.8028028028028027,1280x720,64
1,MEDIOS DE TRANSPORTE,MOTOCICLETA,1/MEDIOS DE TRANSPORTE/MOTOCICLETA.mp4,29.97,72,600,480,2.4024024024024024,600x480,33
3,DEPORTES,NATACIÓN,3/DEPORTES/NATACIÓN.mp4,29.97,97,1280,720,3.2365699032365702,1280x720,16
2,SALUD SEXUAL Y REPRODUCTIVA,SALUD_SEXUAL_Y_REPRODUCTIVA,2/SALUD SEXUAL Y REPRODUCTIVA/SALUD_SEXUAL_Y_REPRODUCTIVA.mp4,29.97,171,1280,720,5.705705705705706,1280x720,56
2,ÁREAS DE CONOCIMIENTO,EDUCACIÓN_ARTISTICA,2/ÁREAS DE CONOCIMIENTO/EDUCACIÓN_ARTISTICA.mp4,29.97,103,1280,720,3.4367701034367704,1280x720,70
3,POLÍTICA,INVESTIGACIÓN,3/POLÍTICA/INVESTIGACIÓN.mp4,29.97,87,1280,720,2.902902902902903,1280x720,47
2,SUSTANTIVOS,TIZA,2/SUSTANTIVOS/TIZA.mp4,29.97,102,1280,720,3.4034034034034035,1280x720,58
3,RESTAURANTE,TALLARIN,3/RESTAURANTE/TALLARIN.mp4,29.97,125,1280,720,4.170837504170838,1280x720,53
3,ANIMALES III,COCODRILO,3/ANIMALES III/COCODRILO.mp4,29.97,84,1280,720,2.8028028028028027,1280x720,5
1,VERBOS,IR,1/VERBOS/IR.mp4,29.97,80,1280,720,2.669336002669336,1280x720,65
1,PREGUNTAS,CUÁNDO,1/PREGUNTAS/CUÁNDO.mp4,29.97,55,1280,720,1.8351685018351689,1280x720,49
4,POLÍTICA II,DISCUTIR,4/POLÍTICA II/DISCUTIR.mp4,30.0,65,1920,1080,2.1666666666666665,1920x1080,48
3,SALUD,SANO,3/SALUD/SANO.mp4,29.97,77,1280,720,2.569235902569236,1280x720,54
3,ANIMALES III,OSO_PANDA,3/ANIMALES III/OSO_PANDA.mp4,29.97,155,1280,720,5.171838505171839,1280x720,5
4,PALABRAS GENERALES II,ADIVINAR,4/PALABRAS GENERALES II/ADIVINAR.mp4,25.0,58,1920,1080,2.32,1920x1080,43
4,VERBOS IV,CREER,4/VERBOS IV/CREER.mp4,30.0,115,1920,1080,3.8333333333333335,1920x1080,68
4,BEBIDAS,JUGO,4/BEBIDAS/JUGO.mp4,25.0,73,1920,1080,2.92,1920x1080,6
3,CUMPLEAÑOS,FOTOS,3/CUMPLEAÑOS/FOTOS.mp4,29.97,77,1280,720,2.569235902569236,1280x720,14
4,NÚMEROS IV,DOSCIENTOS_MIL,4/NÚMEROS IV/DOSCIENTOS_MIL.mp4,25.0,71,1920,1080,2.84,1920x1080,39
4,POLÍTICA II,AUTORIDAD,4/POLÍTICA II/AUTORIDAD.mp4,30.0,72,1920,1080,2.4,1920x1080,48
1,LUGARES,HOSPITAL,1/LUGARES/HOSPITAL.mp4,29.97,137,600,480,4.571237904571238,600x480,30
1,NATURALEZA,TIERRA,1/NATURALEZA/TIERRA.mp4,29.97,108,600,480,3.603603603603604,600x480,34
1,TIEMPO,MAÑANA,1/TIEMPO/MAÑANA.mp4,29.97,60,1280,720,2.002002002002002,1280x720,61
3,POLÍTICA,PROYECTO,3/POLÍTICA/PROYECTO.mp4,29.97,107,1280,720,3.570236903570237,1280x720,47
3,TIEMPO III,TAL_VEZ,3/TIEMPO III/TAL_VEZ.mp4,29.97,75,1440,1080,2.5025025025025025,1440x1080,63
3,VERBOS III,RESPETAR,3/VERBOS III/RESPETAR.mp4,29.97,72,1920,1080,2.4024024024024024,1920x1080,67
1,PRONOMBRES,PRONOMBRES,1/PRONOMBRES/PRONOMBRES.mp4,29.97,88,1280,720,2.9362696029362696,1280x720,52
1,ALIMENTOS,ALIMENTOS,1/ALIMENTOS/ALIMENTOS.mp4,29.97,91,600,480,3.0363697030363697,600x480,2
3,OPUESTOS II,DISMINUIR,3/OPUESTOS II/DISMINUIR.mp4,29.97,89,1280,720,2.9696363029696364,1280x720,41
4,BEBIDAS,API,4/BEBIDAS/API.mp4,25.0,73,1920,1080,2.92,1920x1080,6
2,VERBOS II,TERMINAR,2/VERBOS II/TERMINAR.mp4,29.97,76,1280,720,2.5358692025358693,1280x720,66
3,GENERAL I,DIFERENTE,3/GENERAL I/DIFERENTE.mp4,29.97,76,1920,1080,2.5358692025358693,1920x1080,26
2,FAMILIA II,PRIMO,2/FAMILIA II/PRIMO.mp4,29.97,67,1280,720,2.235568902235569,1280x720,24
1,TIEMPO,MES,1/TIEMPO/MES.mp4,29.97,73,1280,720,2.4357691024357693,1280x720,61
4,SALUD II,CITA,4/SALUD II/CITA.mp4,30.0,83,1920,1080,2.7666666666666666,1920x1080,55
4,ESCUELA II,MEDIDAS,4/ESCUELA II/MEDIDAS.mp4,25.0,72,1920,1080,2.88,1920x1080,21
4,SUSTANTIVOS IV,CADENA,4/SUSTANTIVOS IV/CADENA.mp4,30.0,98,1920,1080,3.2666666666666666,1920x1080,60
2,ÁREAS DE CONOCIMIENTO,HISTORIA,2/ÁREAS DE CONOCIMIENTO/HISTORIA.mp4,29.97,122,1280,720,4.070737404070737,1280x720,70
3,DEPORTES,TARJETA_ROJA,3/DEPORTES/TARJETA_ROJA.mp4,29.97,104,1280,720,3.4701368034701368,1280x720,16
2,ANIMALES II,DELFÍN,2/ANIMALES II/DELFÍN.mp4,29.97,85,1280,720,2.836169502836169,1280x720,4
4,PRENDAS DE VESTIR II,GUANTES,4/PRENDAS DE VESTIR II/GUANTES.mp4,30.0,92,1920,1080,3.066666666666667,1920x1080,51
3,ANIMALES III,CEBRA,3/ANIMALES III/CEBRA.mp4,29.97,104,1280,720,3.4701368034701368,1280x720,5
1,PRONOMBRES,ELLAS,1/PRONOMBRES/ELLAS.mp4,29.97,105,1280,720,3.503503503503504,1280x720,52
1,LUGARES,PLAZA,1/LUGARES/PLAZA.mp4,29.97,99,600,480,3.3033033033033035,600x480,30
1,COLORES,CELESTE,1/COLORES/CELESTE.mp4,29.97,72,600,480,2.4024024024024024,600x480,9
3,TIEMPO III,CASI,3/TIEMPO III/CASI.mp4,29.97,71,1440,1080,2.369035702369036,1440x1080,63
3,DIÁLOGO,AÚN,3/DIÁLOGO/AÚN.mp4,29.97,86,1280,720,2.8695362028695364,1280x720,17
3,RESTAURANTE,SOPA_DE_MANI,3/RESTAURANTE/SOPA_DE_MANI.mp4,29.97,106,1280,720,3.5368702035368704,1280x720,53
4,NATURALEZA II,TERREMOTO,4/NATURALEZA II/TERREMOTO.mp4,25.0,63,1920,1080,2.52,1920x1080,35
4,NÚMEROS IV,QUINIENTOS_MIL,4/NÚMEROS IV/QUINIENTOS_MIL.mp4,25.0,85,1920,1080,3.4,1920x1080,39
3,RESTAURANTE,SILPANCHO,3/RESTAURANTE/SILPANCHO.mp4,29.97,91,1280,720,3.0363697030363697,1280x720,53
1,CUERPO HUMANO,BRAZO,1/CUERPO HUMANO/BRAZO.mp4,29.97,123,600,480,4.104104104104104,600x480,13
1,ABECEDARIO,R,1/ABECEDARIO/R.mp4,29.97,73,600,480,2.4357691024357693,600x480,0
4,DIÁLOGO II,INTERCAMBIAR,4/DIÁLOGO II/INTERCAMBIAR.mp4,25.0,53,1920,1080,2.12,1920x1080,18
3,SALUD,TUBERCULOSIS,3/SALUD/TUBERCULOSIS.mp4,29.97,105,1280,720,3.503503503503504,1280x720,54
4,DIÁLOGO II,OFENDER,4/DIÁLOGO II/OFENDER.mp4,25.0,61,1920,1080,2.44,1920x1080,18
3,SALUD,Tos,3/SALUD/Tos.mp4,29.97,87,1280,720,2.902902902902903,1280x720,54
1,SALUDOS,NO,1/SALUDOS/NO.mp4,29.97,67,1280,720,2.235568902235569,1280x720,57
4,PAÍSES II,SUIZA,4/PAÍSES II/SUIZA.mp4,30.0,62,1920,1080,2.066666666666667,1920x1080,45
3,DIÁLOGO,DESPEDIDO,3/DIÁLOGO/DESPEDIDO.mp4,29.97,97,1280,720,3.2365699032365702,1280x720,17
1,PRONOMBRES,YO,1/PRONOMBRES/YO.mp4,29.97,78,1280,720,2.6026026026026026,1280x720,52
3,VERBOS III,NO_SABER,3/VERBOS III/NO_SABER.mp4,29.97,84,1920,1080,2.8028028028028027,1920x1080,67
4,POLÍTICA II,REUNIÓN,4/POLÍTICA II/REUNIÓN.mp4,30.0,48,1920,1080,1.6,1920x1080,48
2,TIEMPO II,TARDE,2/TIEMPO II/TARDE.mp4,29.97,57,1280,720,1.901901901901902,1280x720,62
3,DEPORTES,GOLF,3/DEPORTES/GOLF.mp4,29.97,116,1280,720,3.8705372038705375,1280x720,16
3,VERBOS III,CANTAR,3/VERBOS III/CANTAR.mp4,29.97,71,1920,1080,2.369035702369036,1920x1080,67
2,OPUESTOS,FEO,2/OPUESTOS/FEO.mp4,29.97,75,1280,720,2.5025025025025025,1280x720,40
2,FAMILIA II,SUEGRA,2/FAMILIA II/SUEGRA.mp4,29.97,86,1280,720,2.8695362028695364,1280x720,24
4,OPUESTOS III,SECO,4/OPUESTOS III/SECO.mp4,30.0,63,1920,1080,2.1,1920x1080,42
2,ANIMALES II,MONO,2/ANIMALES II/MONO.mp4,29.97,86,1280,720,2.8695362028695364,1280x720,4
3,DIÁLOGO,PLANIFICACIÓN,3/DIÁLOGO/PLANIFICACIÓN.mp4,29.97,74,1280,720,2.469135802469136,1280x720,17
2,NÚMEROS II,CINCUENTA_Y_TRES,2/NÚMEROS II/CINCUENTA_Y_TRES.mp4,29.97,87,1280,720,2.902902902902903,1280x720,38
4,OPUESTOS III,MEJOR,4/OPUESTOS III/MEJOR.mp4,30.0,62,1920,1080,2.066666666666667,1920x1080,42
4,PRENDAS DE VESTIR II,ELEGANTE,4/PRENDAS DE VESTIR II/ELEGANTE.mp4,30.0,56,1920,1080,1.8666666666666667,1920x1080,51
1,CUERPO HUMANO,ESTÓMAGO,1/CUERPO HUMANO/ESTÓMAGO.mp4,29.97,97,600,480,3.2365699032365702,600x480,13
1,CUERPO HUMANO,PIES,1/CUERPO HUMANO/PIES.mp4,29.97,80,600,480,2.669336002669336,600x480,13
1,VERBOS,PRESTAR(OPCIÓN_A),1/VERBOS/PRESTAR(OPCIÓN_A).mp4,29.97,89,1280,720,2.9696363029696364,1280x720,65
3,ESCUELA,CURSO,3/ESCUELA/CURSO.mp4,29.97,90,1280,720,3.0030030030030037,1280x720,20
3,TIEMPO III,MINUTO,3/TIEMPO III/MINUTO.mp4,29.97,87,1440,1080,2.902902902902903,1440x1080,63
1,LUGARES,LUGARES,1/LUGARES/LUGARES.mp4,29.97,115,600,480,3.8371705038371706,600x480,30
3,NÚMEROS,DOS_MIL,3/NÚMEROS/DOS_MIL.mp4,29.97,69,1280,720,2.3023023023023024,1280x720,36
4,OPUESTOS III,ACOSTARSE,4/OPUESTOS III/ACOSTARSE.mp4,30.0,74,1920,1080,2.466666666666667,1920x1080,42
1,FAMILIA,MAMÁ,1/FAMILIA/MAMÁ.mp4,29.97,111,600,480,3.703703703703704,600x480,23
1,ABECEDARIO,C,1/ABECEDARIO/C.mp4,29.97,76,600,480,2.5358692025358693,600x480,0
3,RESTAURANTE,PIQUE_MACHO,3/RESTAURANTE/PIQUE_MACHO.mp4,29.97,77,1280,720,2.569235902569236,1280x720,53
4,INSECTOS,PULGAS,4/INSECTOS/PULGAS.mp4,25.0,57,1920,1080,2.28,1920x1080,29
3,OPUESTOS II,LLEVAR,3/OPUESTOS II/LLEVAR.mp4,29.97,66,1280,720,2.2022022022022023,1280x720,41
4,PALABRAS GENERALES II,ACTUALIZAR,4/PALABRAS GENERALES II/ACTUALIZAR.mp4,25.0,79,1920,1080,3.16,1920x1080,43
1,SUSTANTIVOS,CUCHILLO,1/SUSTANTIVOS/CUCHILLO.mp4,29.97,77,1280,720,2.569235902569236,1280x720,58
3,ANIMALES III,ZORRO,3/ANIMALES III/ZORRO.mp4,29.97,76,1280,720,2.5358692025358693,1280x720,5
2,VERBOS II,APURAR,2/VERBOS II/APURAR.mp4,29.97,75,1280,720,2.5025025025025025,1280x720,66
4,VERBOS IV,EVALUAR,4/VERBOS IV/EVALUAR.mp4,30.0,127,1920,1080,4.233333333333333,1920x1080,68
4,COSAS DE ANIMALES,PATAS,4/COSAS DE ANIMALES/PATAS.mp4,25.0,86,1920,1080,3.44,1920x1080,12
4,ESCUELA II,GRAMÁTICA,4/ESCUELA II/GRAMÁTICA.mp4,25.0,54,1920,1080,2.16,1920x1080,21
4,SALUD II,RAYOS_X,4/SALUD II/RAYOS_X.mp4,30.0,88,1920,1080,2.933333333333333,1920x1080,55
2,VERBOS II,COMPARTIR,2/VERBOS II/COMPARTIR.mp4,29.97,81,1280,720,2.702702702702702,1280x720,66
2,SALUD SEXUAL Y REPRODUCTIVA,CONTAGIO,2/SALUD SEXUAL Y REPRODUCTIVA/CONTAGIO.mp4,29.97,93,1280,720,3.1031031031031038,1280x720,56
2,PRENDAS DE VESTIR,PANTALÓN,2/PRENDAS DE VESTIR/PANTALÓN.mp4,29.97,68,1280,720,2.2689356022689355,1280x720,50
2,SALUD SEXUAL Y REPRODUCTIVA,ENFERMEDAD,2/SALUD SEXUAL Y REPRODUCTIVA/ENFERMEDAD.mp4,29.97,82,1280,720,2.736069402736069,1280x720,56
4,PALABRAS GENERALES II,ÉXITO,4/PALABRAS GENERALES II/ÉXITO.mp4,25.0,58,1920,1080,2.32,1920x1080,43
1,NATURALEZA,NATURALEZA,1/NATURALEZA/NATURALEZA.mp4,29.97,69,600,480,2.3023023023023024,600x480,34
3,VERBOS III,CREATED,3/VERBOS III/CREATED.mp4,29.97,12,1920,1080,0.4004004004004004,1920x1080,67
1,SUSTANTIVOS,MESA,1/SUSTANTIVOS/MESA.mp4,29.97,102,1280,720,3.4034034034034035,1280x720,58
3,NÚMEROS,QUINIENTOS,3/NÚMEROS/QUINIENTOS.mp4,29.97,64,1280,720,2.135468802135469,1280x720,36
3,ANIMALES III,CUCARACHA,3/ANIMALES III/CUCARACHA.mp4,29.97,91,1280,720,3.0363697030363697,1280x720,5
1,ALIMENTOS,SAL,1/ALIMENTOS/SAL.mp4,29.97,72,600,480,2.4024024024024024,600x480,2
4,SALUD II,CUIDAR,4/SALUD II/CUIDAR.mp4,30.0,89,1920,1080,2.966666666666667,1920x1080,55
1,SALUDOS,PUEDO,1/SALUDOS/PUEDO.mp4,29.97,56,1280,720,1.8685352018685355,1280x720,57
3,NÚMEROS,UN_MIL_CIEN,3/NÚMEROS/UN_MIL_CIEN.mp4,29.97,103,1280,720,3.4367701034367704,1280x720,36
4,INSECTOS,INSECTOS,4/INSECTOS/INSECTOS.mp4,25.0,72,1920,1080,2.88,1920x1080,29
1,VERBOS,COMPRAR,1/VERBOS/COMPRAR.mp4,29.97,84,1280,720,2.8028028028028027,1280x720,65
3,ESTADO CIVIL,VIUDO,3/ESTADO CIVIL/VIUDO.mp4,29.97,117,1280,720,3.903903903903904,1280x720,22
4,ESCUELA II,MONEDAS,4/ESCUELA II/MONEDAS.mp4,25.0,57,1920,1080,2.28,1920x1080,21
2,FAMILIA II,ADOPTIVO,2/FAMILIA II/ADOPTIVO.mp4,29.97,69,1280,720,2.3023023023023024,1280x720,24
3,DIÁLOGO,SORDO,3/DIÁLOGO/SORDO.mp4,29.97,87,1280,720,2.902902902902903,1280x720,17
1,PREGUNTAS,CUÁL,1/PREGUNTAS/CUÁL.mp4,29.97,62,1280,720,2.0687354020687354,1280x720,49
1,NÚMEROS 1 AL 50,VEINTIUNO,1/NÚMEROS 1 AL 50/VEINTIUNO.mp4,29.97,54,1280,720,1.8018018018018016,1280x720,37
1,ABECEDARIO,F,1/ABECEDARIO/F.mp4,29.97,67,600,480,2.235568902235569,600x480,0
1,SUSTANTIVOS,TAZA,1/SUSTANTIVOS/TAZA.mp4,29.97,78,1280,720,2.6026026026026026,1280x720,58
4,PERSONAS,MADRASTRA,4/PERSONAS/MADRASTRA.mp4,30.0,77,1920,1080,2.566666666666667,1920x1080,46
3,VERBOS III,MATAR,3/VERBOS III/MATAR.mp4,29.97,73,1920,1080,2.4357691024357693,1920x1080,67
3,DEPORTES,BILLAR,3/DEPORTES/BILLAR.mp4,29.97,93,1280,720,3.1031031031031038,1280x720,16
3,SALUD,FIEBRE,3/SALUD/FIEBRE.mp4,29.97,130,1280,720,4.337671004337671,1280x720,54
2,EDUCACIÓN,INTERCULTURALIDAD,2/EDUCACIÓN/INTERCULTURALIDAD.mp4,29.97,135,1280,720,4.504504504504505,1280x720,19
2,NÚMEROS II,CINCUENTA_Y_OCHO,2/NÚMEROS II/CINCUENTA_Y_OCHO.mp4,29.97,97,1280,720,3.2365699032365702,1280x720,38
3,DEPORTES,BÉISBOL,3/DEPORTES/BÉISBOL.mp4,29.97,82,1280,720,2.736069402736069,1280x720,16
2,VERDURAS II,LECHUGA,2/VERDURAS II/LECHUGA.mp4,29.97,77,1280,720,2.569235902569236,1280x720,69
4,POLÍTICA II,ADVERTIR,4/POLÍTICA II/ADVERTIR.mp4,30.0,60,1920,1080,2.0,1920x1080,48
4,DIÁLOGO II,MANIPULAR,4/DIÁLOGO II/MANIPULAR.mp4,25.0,57,1920,1080,2.28,1920x1080,18
1,SUSTANTIVOS,CUCHARA,1/SUSTANTIVOS/CUCHARA.mp4,29.97,84,1280,720,2.8028028028028027,1280x720,58
4,PALABRAS GENERALES II,CURRICULUM_VITAE,4/PALABRAS GENERALES II/CURRICULUM_VITAE.mp4,25.0,61,1920,1080,2.44,1920x1080,43
2,LUGARES TURÍSTICOS,TIAHUANACO,2/LUGARES TURÍSTICOS/TIAHUANACO.mp4,29.97,83,1280,720,2.7694361027694363,1280x720,32
4,PAÍSES II,GUATEMALA,4/PAÍSES II/GUATEMALA.mp4,30.0,44,1920,1080,1.4666666666666666,1920x1080,45
4,PAÍSES II,EGIPTO,4/PAÍSES II/EGIPTO.mp4,30.0,55,1920,1080,1.8333333333333333,1920x1080,45
2,PAÍSES,ESPAÑA,2/PAÍSES/ESPAÑA.mp4,29.97,93,1280,720,3.1031031031031038,1280x720,44
2,VERBOS II,LEER,2/VERBOS II/LEER.mp4,29.97,108,1280,720,3.603603603603604,1280x720,66
4,SALUD II,YESO,4/SALUD II/YESO.mp4,30.0,81,1920,1080,2.7,1920x1080,55
2,TRABAJO,ALBAÑIL,2/TRABAJO/ALBAÑIL.mp4,29.97,93,1280,720,3.1031031031031038,1280x720,64
2,FRUTAS II,LIMA,2/FRUTAS II/LIMA.mp4,29.97,91,1280,720,3.0363697030363697,1280x720,25
3,TIEMPO III,MOMENTO,3/TIEMPO III/MOMENTO.mp4,29.97,86,1440,1080,2.8695362028695364,1440x1080,63
4,NATURALEZA II,ARENA,4/NATURALEZA II/ARENA.mp4,25.0,47,1920,1080,1.88,1920x1080,35
1,SUSTANTIVOS,SILLA,1/SUSTANTIVOS/SILLA.mp4,29.97,82,1280,720,2.736069402736069,1280x720,58
3,HOGAR,LAVAR_LOS_PLATOS,3/HOGAR/LAVAR_LOS_PLATOS.mp4,29.97,90,1280,720,3.0030030030030037,1280x720,27
4,SUSTANTIVOS IV,PERFUME,4/SUSTANTIVOS IV/PERFUME.mp4,30.0,82,1920,1080,2.7333333333333334,1920x1080,60
4,DIÁLOGO II,CULPAR,4/DIÁLOGO II/CULPAR.mp4,25.0,59,1920,1080,2.36,1920x1080,18
1,VERBOS,AYUDAR(OPCIÓN_A),1/VERBOS/AYUDAR(OPCIÓN_A).mp4,29.97,96,1280,720,3.2032032032032034,1280x720,65
1,ANIMALES,CHANCHO,1/ANIMALES/CHANCHO.mp4,29.97,70,600,480,2.335669002335669,600x480,3
2,OPUESTOS,VERDAD,2/OPUESTOS/VERDAD.mp4,29.97,91,1280,720,3.0363697030363697,1280x720,40
4,POLÍTICA II,ABSURDO,4/POLÍTICA II/ABSURDO.mp4,30.0,57,1920,1080,1.9,1920x1080,48
3,ESTADO CIVIL,DIVORCIO,3/ESTADO CIVIL/DIVORCIO.mp4,29.97,79,1280,720,2.6359693026359694,1280x720,22
3,TIEMPO III,LIBRE,3/TIEMPO III/LIBRE.mp4,29.97,70,1440,1080,2.335669002335669,1440x1080,63
4,PAÍSES II,JAPÓN,4/PAÍSES II/JAPÓN.mp4,30.0,64,1920,1080,2.1333333333333333,1920x1080,45
3,ESCUELA,CLASE,3/ESCUELA/CLASE.mp4,29.97,81,1280,720,2.702702702702702,1280x720,20
1,VERBOS,CAMBIAR,1/VERBOS/CAMBIAR.mp4,29.97,88,1280,720,2.9362696029362696,1280x720,65
3,ANIMALES III,COBRA,3/ANIMALES III/COBRA.mp4,29.97,132,1280,720,4.404404404404405,1280x720,5
4,OPUESTOS III,ENCENDER_LA_LUZ,4/OPUESTOS III/ENCENDER_LA_LUZ.mp4,30.0,92,1920,1080,3.066666666666667,1920x1080,42
1,NATURALEZA,MONTAÑA,1/NATURALEZA/MONTAÑA.mp4,29.97,95,600,480,3.169836503169837,600x480,34
3,POLÍTICA,ALCALDIA,3/POLÍTICA/ALCALDIA.mp4,29.97,76,1280,720,2.5358692025358693,1280x720,47
3,LUGARES II,CIUDAD,3/LUGARES II/CIUDAD.mp4,29.97,107,1280,720,3.570236903570237,1280x720,31
2,SALUD SEXUAL Y REPRODUCTIVA,DOLOR,2/SALUD SEXUAL Y REPRODUCTIVA/DOLOR.mp4,29.97,86,1280,720,2.8695362028695364,1280x720,56
3,OPUESTOS II,IZQUIERDO,3/OPUESTOS II/IZQUIERDO.mp4,29.97,54,1280,720,1.8018018018018016,1280x720,41
1,ALIMENTOS,LECHE,1/ALIMENTOS/LECHE.mp4,29.97,76,600,480,2.5358692025358693,600x480,2
3,POLÍTICA,NO_ESTAR_DE_ACUERDO,3/POLÍTICA/NO_ESTAR_DE_ACUERDO.mp4,29.97,127,1280,720,4.237570904237571,1280x720,47
2,COLORES II,NARANJA_FOSFORESCENTE,2/COLORES II/NARANJA_FOSFORESCENTE.mp4,29.97,103,1280,720,3.4367701034367704,1280x720,10
1,ABECEDARIO,I,1/ABECEDARIO/I.mp4,29.97,62,600,480,2.0687354020687354,600x480,0
1,MEDIOS DE TRANSPORTE,BICICLETA,1/MEDIOS DE TRANSPORTE/BICICLETA.mp4,29.97,80,600,480,2.669336002669336,600x480,33
1,DEPARTAMENTOS DE BOLIVIA,POTOSÍ,1/DEPARTAMENTOS DE BOLIVIA/POTOSÍ.mp4,29.97,100,600,480,3.3366700033366703,600x480,15
4,VERBOS IV,ESCAPAR,4/VERBOS IV/ESCAPAR.mp4,30.0,93,1920,1080,3.1,1920x1080,68
4,VERBOS IV,ESCONDER,4/VERBOS IV/ESCONDER.mp4,30.0,110,1920,1080,3.6666666666666665,1920x1080,68
3,GENERAL I,GENERAL_I,3/GENERAL I/GENERAL_I.mp4,29.97,68,1920,1080,2.2689356022689355,1920x1080,26
4,OPUESTOS III,GANAR,4/OPUESTOS III/GANAR.mp4,30.0,61,1920,1080,2.033333333333333,1920x1080,42
2,VERBOS II,EMPEZAR,2/VERBOS II/EMPEZAR.mp4,29.97,92,1280,720,3.0697364030697365,1280x720,66
4,VERBOS IV,DEVOLVER,4/VERBOS IV/DEVOLVER.mp4,30.0,98,1920,1080,3.2666666666666666,1920x1080,68
1,PRONOMBRES,USTEDES,1/PRONOMBRES/USTEDES.mp4,29.97,100,1280,720,3.3366700033366703,1280x720,52
3,HOGAR,LAVARSE_LAS_MANOS,3/HOGAR/LAVARSE_LAS_MANOS.mp4,29.97,56,1280,720,1.8685352018685355,1280x720,27
4,BEBIDAS,REFRESCO,4/BEBIDAS/REFRESCO.mp4,25.0,63,1920,1080,2.52,1920x1080,6
2,VERBOS II,ESCUCHAR,2/VERBOS II/ESCUCHAR.mp4,29.97,101,1280,720,3.3700367033700367,1280x720,66
3,GENERAL I,OBJETIVO,3/GENERAL I/OBJETIVO.mp4,29.97,93,1920,1080,3.1031031031031038,1920x1080,26
4,COSAS DE ANIMALES,MORDER,4/COSAS DE ANIMALES/MORDER.mp4,25.0,65,1920,1080,2.6,1920x1080,12
1,PREGUNTAS,DÓNDE,1/PREGUNTAS/DÓNDE.mp4,29.97,60,1280,720,2.002002002002002,1280x720,49
3,ESCUELA,MULTIPLICAR,3/ESCUELA/MULTIPLICAR.mp4,29.97,68,1280,720,2.2689356022689355,1280x720,20
2,TRABAJO,CONTRATO,2/TRABAJO/CONTRATO.mp4,29.97,78,1280,720,2.6026026026026026,1280x720,64
3,POLÍTICA,CONTRA,3/POLÍTICA/CONTRA.mp4,29.97,96,1280,720,3.2032032032032034,1280x720,47
4,POLÍTICA II,HONESTIDAD,4/POLÍTICA II/HONESTIDAD.mp4,30.0,56,1920,1080,1.8666666666666667,1920x1080,48
4,PALABRAS GENERALES II,APOYAR,4/PALABRAS GENERALES II/APOYAR.mp4,25.0,68,1920,1080,2.72,1920x1080,43
4,POLÍTICA II,DISCRIMINACIÓN,4/POLÍTICA II/DISCRIMINACIÓN.mp4,30.0,58,1920,1080,1.9333333333333331,1920x1080,48
2,ÁREAS DE CONOCIMIENTO,BIOLOGÍA,2/ÁREAS DE CONOCIMIENTO/BIOLOGÍA.mp4,29.97,78,1280,720,2.6026026026026026,1280x720,70
4,SUSTANTIVOS IV,DIAMANTE,4/SUSTANTIVOS IV/DIAMANTE.mp4,30.0,72,1920,1080,2.4,1920x1080,60
4,SALUD II,RIESGO,4/SALUD II/RIESGO.mp4,30.0,116,1920,1080,3.8666666666666663,1920x1080,55
4,DIÁLOGO II,EJEMPLO,4/DIÁLOGO II/EJEMPLO.mp4,25.0,75,1920,1080,3.0,1920x1080,18
1,FAMILIA,ABUELO,1/FAMILIA/ABUELO.mp4,29.97,114,600,480,3.803803803803804,600x480,23
4,POLÍTICA II,QUEJAR,4/POLÍTICA II/QUEJAR.mp4,30.0,42,1920,1080,1.4,1920x1080,48
3,COCINA,BOLSA,3/COCINA/BOLSA.mp4,29.97,72,1280,720,2.4024024024024024,1280x720,8
4,PAÍSES II,IRLANDA,4/PAÍSES II/IRLANDA.mp4,30.0,64,1920,1080,2.1333333333333333,1920x1080,45
2,FAMILIA II,PRIMA,2/FAMILIA II/PRIMA.mp4,29.97,63,1280,720,2.1021021021021022,1280x720,24
1,ALIMENTOS,TÉ,1/ALIMENTOS/TÉ.mp4,29.97,75,600,480,2.5025025025025025,600x480,2
3,NÚMEROS,CUATRO_MIL,3/NÚMEROS/CUATRO_MIL.mp4,29.97,76,1280,720,2.5358692025358693,1280x720,36
4,PAÍSES II,FRANCIA,4/PAÍSES II/FRANCIA.mp4,30.0,53,1920,1080,1.7666666666666666,1920x1080,45
3,CUMPLEAÑOS,VELA,3/CUMPLEAÑOS/VELA.mp4,29.97,78,1280,720,2.6026026026026026,1280x720,14
2,TRABAJO,JEFE,2/TRABAJO/JEFE.mp4,29.97,60,1280,720,2.002002002002002,1280x720,64
2,FRUTAS II,MANGA,2/FRUTAS II/MANGA.mp4,29.97,95,1280,720,3.169836503169837,1280x720,25
1,ALIMENTOS,CAFÉ,1/ALIMENTOS/CAFÉ.mp4,29.97,81,600,480,2.702702702702702,600x480,2
1,COLORES,VERDE,1/COLORES/VERDE.mp4,29.97,90,600,480,3.0030030030030037,600x480,9
4,PRENDAS DE VESTIR II,CHOMPA,4/PRENDAS DE VESTIR II/CHOMPA.mp4,30.0,59,1920,1080,1.9666666666666663,1920x1080,51
3,LUGARES II,BIBLIOTECA,3/LUGARES II/BIBLIOTECA.mp4,29.97,124,1280,720,4.137470804137471,1280x720,31
3,ESCUELA,FRASE,3/ESCUELA/FRASE.mp4,29.97,76,1280,720,2.5358692025358693,1280x720,20
4,VERBOS IV,GRITAR,4/VERBOS IV/GRITAR.mp4,30.0,84,1920,1080,2.8,1920x1080,68
1,ALIMENTOS,ARROZ(OPCIÓN_A),1/ALIMENTOS/ARROZ(OPCIÓN_A).mp4,29.97,72,600,480,2.4024024024024024,600x480,2
1,NÚMEROS 1 AL 50,VEINTISÉIS,1/NÚMEROS 1 AL 50/VEINTISÉIS.mp4,29.97,70,1280,720,2.335669002335669,1280x720,37
2,PRENDAS DE VESTIR,FALDA,2/PRENDAS DE VESTIR/FALDA.mp4,29.97,74,1280,720,2.469135802469136,1280x720,50
4,SALUD II,DÉBIL,4/SALUD II/DÉBIL.mp4,30.0,108,1920,1080,3.6,1920x1080,55
3,GENERAL I,HACER,3/GENERAL I/HACER.mp4,29.97,66,1920,1080,2.2022022022022023,1920x1080,26
3,DEPORTES,SELECCIÓN,3/DEPORTES/SELECCIÓN.mp4,29.97,137,1280,720,4.571237904571238,1280x720,16
4,POLÍTICA II,CARCEL,4/POLÍTICA II/CARCEL.mp4,30.0,69,1920,1080,2.3,1920x1080,48
4,OPUESTOS III,PESADO,4/OPUESTOS III/PESADO.mp4,30.0,76,1920,1080,2.533333333333333,1920x1080,42
3,POLÍTICA,NOTICIAS,3/POLÍTICA/NOTICIAS.mp4,29.97,94,1280,720,3.1364698031364697,1280x720,47
2,FRUTAS II,FRUTAS_II,2/FRUTAS II/FRUTAS_II.mp4,29.97,101,1280,720,3.3700367033700367,1280x720,25
4,PERSONAS,PADRASTRO,4/PERSONAS/PADRASTRO.mp4,30.0,91,1920,1080,3.033333333333333,1920x1080,46
4,ESCUELA II,TÍTULO,4/ESCUELA II/TÍTULO.mp4,25.0,78,1920,1080,3.12,1920x1080,21
2,VERBOS II,SALTAR,2/VERBOS II/SALTAR.mp4,29.97,67,1280,720,2.235568902235569,1280x720,66
3,HOGAR,TOALLA_PARA_CARA,3/HOGAR/TOALLA_PARA_CARA.mp4,29.97,99,1280,720,3.3033033033033035,1280x720,27
2,PAÍSES,COLOMBIA,2/PAÍSES/COLOMBIA.mp4,29.97,82,1280,720,2.736069402736069,1280x720,44
3,GENERAL I,OPINAR,3/GENERAL I/OPINAR.mp4,29.97,79,1920,1080,2.6359693026359694,1920x1080,26
4,SUSTANTIVOS IV,MANTEL,4/SUSTANTIVOS IV/MANTEL.mp4,30.0,107,1920,1080,3.566666666666667,1920x1080,60
1,COLORES,ROJO,1/COLORES/ROJO.mp4,29.97,81,600,480,2.702702702702702,600x480,9
1,CUERPO HUMANO,CORAZÓN,1/CUERPO HUMANO/CORAZÓN.mp4,29.97,129,600,480,4.3043043043043046,600x480,13
3,SALUD,TIFOIDEA,3/SALUD/TIFOIDEA.mp4,29.97,113,1280,720,3.770437103770437,1280x720,54
4,SUSTANTIVOS IV,SILLA_DE_RUEDAS,4/SUSTANTIVOS IV/SILLA_DE_RUEDAS.mp4,30.0,69,1920,1080,2.3,1920x1080,60
4,COSAS DE ALIMENTOS,UVAS_PASAS,4/COSAS DE ALIMENTOS/UVAS_PASAS.mp4,25.0,104,1920,1080,4.16,1920x1080,11
1,PRONOMBRES,ELLOS,1/PRONOMBRES/ELLOS.mp4,29.97,126,1280,720,4.2042042042042045,1280x720,52
1,MEDIOS DE TRANSPORTE,TRUFI,1/MEDIOS DE TRANSPORTE/TRUFI.mp4,29.97,71,600,480,2.369035702369036,600x480,33
1,SALUDOS,NO_PUEDO,1/SALUDOS/NO_PUEDO.mp4,29.97,72,1280,720,2.4024024024024024,1280x720,57
4,PALABRAS GENERALES II,ORGANIZAR,4/PALABRAS GENERALES II/ORGANIZAR.mp4,25.0,100,1920,1080,4.0,1920x1080,43
1,ABECEDARIO,Q,1/ABECEDARIO/Q.mp4,29.97,69,600,480,2.3023023023023024,600x480,0
1,CALENDARIO,ENERO,1/CALENDARIO/ENERO.mp4,29.97,94,600,480,3.1364698031364697,600x480,7
2,ÁREAS DE CONOCIMIENTO,QUÍMICA,2/ÁREAS DE CONOCIMIENTO/QUÍMICA.mp4,29.97,85,1280,720,2.836169502836169,1280x720,70
4,SALUD II,ABORTO,4/SALUD II/ABORTO.mp4,30.0,124,1920,1080,4.133333333333334,1920x1080,55
4,SUSTANTIVOS IV,ALGODÓN,4/SUSTANTIVOS IV/ALGODÓN.mp4,30.0,91,1920,1080,3.033333333333333,1920x1080,60
2,ANIMALES II,RATÓN,2/ANIMALES II/RATÓN.mp4,29.97,84,1280,720,2.8028028028028027,1280x720,4
2,OPUESTOS,ALTO,2/OPUESTOS/ALTO.mp4,29.97,86,1280,720,2.8695362028695364,1280x720,40
3,ESCUELA,VOCABULARIO,3/ESCUELA/VOCABULARIO.mp4,29.97,87,1280,720,2.902902902902903,1280x720,20
4,NÚMEROS IV,CIENTO_CUARENTA_Y_OCHO_MIL,4/NÚMEROS IV/CIENTO_CUARENTA_Y_OCHO_MIL.mp4,25.0,97,1920,1080,3.88,1920x1080,39
3,DIÁLOGO,VIVIR,3/DIÁLOGO/VIVIR.mp4,29.97,88,1280,720,2.9362696029362696,1280x720,17
3,TIEMPO III,SIEMPRE,3/TIEMPO III/SIEMPRE.mp4,29.97,76,1440,1080,2.5358692025358693,1440x1080,63
3,COCINA,POSTRE,3/COCINA/POSTRE.mp4,29.97,69,1280,720,2.3023023023023024,1280x720,8
4,SUSTANTIVOS IV,TIJERA,4/SUSTANTIVOS IV/TIJERA.mp4,30.0,57,1920,1080,1.9,1920x1080,60
4,HOGAR II,GARRAFA_DE_GAS,4/HOGAR II/GARRAFA_DE_GAS.mp4,25.0,96,1920,1080,3.84,1920x1080,28
2,SALUD SEXUAL Y REPRODUCTIVA,TROMPAS_DE_FALOPIO,2/SALUD SEXUAL Y REPRODUCTIVA/TROMPAS_DE_FALOPIO.mp4,29.97,97,1280,720,3.2365699032365702,1280x720,56
2,EDUCACIÓN,PRIMARIA,2/EDUCACIÓN/PRIMARIA.mp4,29.97,94,1280,720,3.1364698031364697,1280x720,19
1,VERBOS,PEDIR,1/VERBOS/PEDIR.mp4,29.97,81,1280,720,2.702702702702702,1280x720,65
4,PALABRAS GENERALES II,ACCIDENTE,4/PALABRAS GENERALES II/ACCIDENTE.mp4,25.0,68,1920,1080,2.72,1920x1080,43
4,POLÍTICA II,EMBAJADA,4/POLÍTICA II/EMBAJADA.mp4,30.0,83,1920,1080,2.7666666666666666,1920x1080,48
2,PAÍSES,VENEZUELA,2/PAÍSES/VENEZUELA.mp4,29.97,69,1280,720,2.3023023023023024,1280x720,44
2,SUSTANTIVOS,CARTAS,2/SUSTANTIVOS/CARTAS.mp4,29.97,113,1280,720,3.770437103770437,1280x720,58
4,PALABRAS GENERALES II,CARÁCTER,4/PALABRAS GENERALES II/CARÁCTER.mp4,25.0,55,1920,1080,2.2,1920x1080,43
2,SUSTANTIVOS,CELULAR,2/SUSTANTIVOS/CELULAR.mp4,29.97,79,1280,720,2.6359693026359694,1280x720,58
3,VERBOS III,ENVIAR,3/VERBOS III/ENVIAR.mp4,29.97,77,1920,1080,2.569235902569236,1920x1080,67
4,DIÁLOGO II,IDENTIDAD,4/DIÁLOGO II/IDENTIDAD.mp4,25.0,78,1920,1080,3.12,1920x1080,18
2,ANIMALES II,ELEFANTE,2/ANIMALES II/ELEFANTE.mp4,29.97,67,1280,720,2.235568902235569,1280x720,4
1,VERBOS,COPIAR,1/VERBOS/COPIAR.mp4,29.97,78,1280,720,2.6026026026026026,1280x720,65
3,RESTAURANTE,HAMBURGUESA,3/RESTAURANTE/HAMBURGUESA.mp4,29.97,115,1280,720,3.8371705038371706,1280x720,53
1,FAMILIA,HIJO,1/FAMILIA/HIJO.mp4,29.97,129,600,480,4.3043043043043046,600x480,23
2,FAMILIA II,NIÑOS,2/FAMILIA II/NIÑOS.mp4,29.97,66,1280,720,2.2022022022022023,1280x720,24
3,SALUD,DIARREA,3/SALUD/DIARREA.mp4,29.97,92,1280,720,3.0697364030697365,1280x720,54
3,SUSTANTIVOS III,PERIÓDICO,3/SUSTANTIVOS III/PERIÓDICO.mp4,29.97,109,1920,1080,3.6369703036369705,1920x1080,59
4,INSECTOS,TERMITA,4/INSECTOS/TERMITA.mp4,25.0,76,1920,1080,3.04,1920x1080,29
3,TIEMPO III,OCUPADO,3/TIEMPO III/OCUPADO.mp4,29.97,60,1440,1080,2.002002002002002,1440x1080,63
1,VERBOS,PRESTAR(OPCIÓN_B),1/VERBOS/PRESTAR(OPCIÓN_B).mp4,29.97,92,1280,720,3.0697364030697365,1280x720,65
4,COSAS DE ALIMENTOS,ALMENDRA,4/COSAS DE ALIMENTOS/ALMENDRA.mp4,25.0,89,1920,1080,3.56,1920x1080,11
3,GENERAL I,PROPUESTA,3/GENERAL I/PROPUESTA.mp4,29.97,84,1920,1080,2.8028028028028027,1920x1080,26
3,LUGARES II,BANCO,3/LUGARES II/BANCO.mp4,29.97,90,1280,720,3.0030030030030037,1280x720,31
2,PAÍSES,PAÍSES,2/PAÍSES/PAÍSES.mp4,29.97,70,1280,720,2.335669002335669,1280x720,44
2,VERBOS II,LLEGAR,2/VERBOS II/LLEGAR.mp4,29.97,96,1280,720,3.2032032032032034,1280x720,66
1,NATURALEZA,CIELO,1/NATURALEZA/CIELO.mp4,29.97,87,600,480,2.902902902902903,600x480,34
4,POLÍTICA II,HIMNO,4/POLÍTICA II/HIMNO.mp4,30.0,75,1920,1080,2.5,1920x1080,48
3,ESTADO CIVIL,CONCUBINO,3/ESTADO CIVIL/CONCUBINO.mp4,29.97,122,1280,720,4.070737404070737,1280x720,22
4,VERBOS IV,ANDAR,4/VERBOS IV/ANDAR.mp4,30.0,117,1920,1080,3.9,1920x1080,68
2,FRUTAS II,COCO,2/FRUTAS II/COCO.mp4,29.97,86,1280,720,2.8695362028695364,1280x720,25
4,POLÍTICA II,PASAPORTE,4/POLÍTICA II/PASAPORTE.mp4,30.0,92,1920,1080,3.066666666666667,1920x1080,48
4,INSECTOS,ESCORPIÓN,4/INSECTOS/ESCORPIÓN.mp4,25.0,53,1920,1080,2.12,1920x1080,29
4,COSAS DE ALIMENTOS,EMPANADA,4/COSAS DE ALIMENTOS/EMPANADA.mp4,25.0,75,1920,1080,3.0,1920x1080,11
1,NATURALEZA,HOJA,1/NATURALEZA/HOJA.mp4,29.97,88,600,480,2.9362696029362696,600x480,34
1,ABECEDARIO,D,1/ABECEDARIO/D.mp4,29.97,70,600,480,2.335669002335669,600x480,0
2,PRENDAS DE VESTIR,POLERA,2/PRENDAS DE VESTIR/POLERA.mp4,29.97,149,1280,720,4.971638304971639,1280x720,50
4,PALABRAS GENERALES II,CONFUSIÓN,4/PALABRAS GENERALES II/CONFUSIÓN.mp4,25.0,85,1920,1080,3.4,1920x1080,43
1,LUGARES,HOTEL,1/LUGARES/HOTEL.mp4,29.97,71,600,480,2.369035702369036,600x480,30
3,GENERAL I,PLAZO,3/GENERAL I/PLAZO.mp4,29.97,110,1920,1080,3.670337003670337,1920x1080,26
2,VERDURAS II,BETERRAGA,2/VERDURAS II/BETERRAGA.mp4,29.97,91,1280,720,3.0363697030363697,1280x720,69
3,ESCUELA,FISCAL,3/ESCUELA/FISCAL.mp4,29.97,82,1280,720,2.736069402736069,1280x720,20
4,INSECTOS,ESCARABAJO,4/INSECTOS/ESCARABAJO.mp4,25.0,50,1920,1080,2.0,1920x1080,29
2,EDUCACIÓN,CULTURA,2/EDUCACIÓN/CULTURA.mp4,29.97,76,1280,720,2.5358692025358693,1280x720,19
4,NATURALEZA II,DESIERTO,4/NATURALEZA II/DESIERTO.mp4,25.0,66,1920,1080,2.64,1920x1080,35
4,ESCUELA II,CAJA,4/ESCUELA II/CAJA.mp4,25.0,56,1920,1080,2.24,1920x1080,21
2,PRENDAS DE VESTIR,TERNO,2/PRENDAS DE VESTIR/TERNO.mp4,29.97,111,1280,720,3.703703703703704,1280x720,50
3,SALUD,HERIDA,3/SALUD/HERIDA.mp4,29.97,121,1280,720,4.037370704037371,1280x720,54
2,EDUCACIÓN,CONVIVENCIA,2/EDUCACIÓN/CONVIVENCIA.mp4,29.97,94,1280,720,3.1364698031364697,1280x720,19
4,SUSTANTIVOS IV,ENCENDEDOR,4/SUSTANTIVOS IV/ENCENDEDOR.mp4,30.0,74,1920,1080,2.466666666666667,1920x1080,60
2,SUSTANTIVOS,MAPA,2/SUSTANTIVOS/MAPA.mp4,29.97,93,1280,720,3.1031031031031038,1280x720,58
1,VERBOS,ABRIR,1/VERBOS/ABRIR.mp4,29.97,77,1280,720,2.569235902569236,1280x720,65
2,SALUD SEXUAL Y REPRODUCTIVA,PENE,2/SALUD SEXUAL Y REPRODUCTIVA/PENE.mp4,29.97,78,1280,720,2.6026026026026026,1280x720,56
4,SALUD II,HUESOS,4/SALUD II/HUESOS.mp4,30.0,73,1920,1080,2.433333333333333,1920x1080,55
4,PERSONAS,SEÑORITA,4/PERSONAS/SEÑORITA.mp4,30.0,84,1920,1080,2.8,1920x1080,46
2,LUGARES TURÍSTICOS,YUNGAS,2/LUGARES TURÍSTICOS/YUNGAS.mp4,29.97,97,1280,720,3.2365699032365702,1280x720,32
4,ESCUELA II,CERTIFICADO,4/ESCUELA II/CERTIFICADO.mp4,25.0,61,1920,1080,2.44,1920x1080,21
4,COSAS DE ALIMENTOS,CHORIZO,4/COSAS DE ALIMENTOS/CHORIZO.mp4,25.0,60,1920,1080,2.4,1920x1080,11
4,SALUD II,CAMILLA,4/SALUD II/CAMILLA.mp4,30.0,99,1920,1080,3.3,1920x1080,55
3,ESCUELA,APROBADO,3/ESCUELA/APROBADO.mp4,29.97,61,1280,720,2.035368702035369,1280x720,20
2,LUGARES TURÍSTICOS,CARNAVAL_DE_ORURO,2/LUGARES TURÍSTICOS/CARNAVAL_DE_ORURO.mp4,29.97,112,1280,720,3.737070403737071,1280x720,32
4,OPUESTOS III,APAGAR_LA_LUZ,4/OPUESTOS III/APAGAR_LA_LUZ.mp4,30.0,90,1920,1080,3.0,1920x1080,42
3,CUMPLEAÑOS,EMOCIÓN,3/CUMPLEAÑOS/EMOCIÓN.mp4,29.97,62,1280,720,2.0687354020687354,1280x720,14
2,TRABAJO,DENTISTA,2/TRABAJO/DENTISTA.mp4,29.97,83,1280,720,2.7694361027694363,1280x720,64
2,FAMILIA II,CUÑADO,2/FAMILIA II/CUÑADO.mp4,29.97,63,1280,720,2.1021021021021022,1280x720,24
3,TIEMPO III,DURANTE,3/TIEMPO III/DURANTE.mp4,29.97,95,1440,1080,3.169836503169837,1440x1080,63
2,TIEMPO II,PRESENTE,2/TIEMPO II/PRESENTE.mp4,29.97,56,1280,720,1.8685352018685355,1280x720,62
1,NATURALEZA,CAMPO,1/NATURALEZA/CAMPO.mp4,29.97,82,600,480,2.736069402736069,600x480,34
2,NÚMEROS II,CINCUENTA_Y_CUATRO,2/NÚMEROS II/CINCUENTA_Y_CUATRO.mp4,29.97,86,1280,720,2.8695362028695364,1280x720,38
2,SUSTANTIVOS,AJEDREZ,2/SUSTANTIVOS/AJEDREZ.mp4,29.97,108,1280,720,3.603603603603604,1280x720,58
1,CUERPO HUMANO,PULMONES,1/CUERPO HUMANO/PULMONES.mp4,29.97,134,600,480,4.471137804471138,600x480,13
3,RESTAURANTE,LECHÓN,3/RESTAURANTE/LECHÓN.mp4,29.97,118,1280,720,3.937270603937271,1280x720,53
3,LUGARES II,BARRIO,3/LUGARES II/BARRIO.mp4,29.97,123,1280,720,4.104104104104104,1280x720,31
3,HOGAR,ESCOBA,3/HOGAR/ESCOBA.mp4,29.97,86,1280,720,2.8695362028695364,1280x720,27
2,OPUESTOS,BONITO,2/OPUESTOS/BONITO.mp4,29.97,82,1280,720,2.736069402736069,1280x720,40
4,SUSTANTIVOS IV,LENTES,4/SUSTANTIVOS IV/LENTES.mp4,30.0,84,1920,1080,2.8,1920x1080,60
2,OPUESTOS,CERCA(OPCIÓN_B),2/OPUESTOS/CERCA(OPCIÓN_B).mp4,29.97,94,1280,720,3.1364698031364697,1280x720,40
2,TIEMPO II,HASTA_PRONTO,2/TIEMPO II/HASTA_PRONTO.mp4,29.97,91,1280,720,3.0363697030363697,1280x720,62
4,HOGAR II,JARRA,4/HOGAR II/JARRA.mp4,25.0,80,1920,1080,3.2,1920x1080,28
3,CUMPLEAÑOS,TORTA,3/CUMPLEAÑOS/TORTA.mp4,29.97,79,1280,720,2.6359693026359694,1280x720,14
3,CUMPLEAÑOS,DULCES,3/CUMPLEAÑOS/DULCES.mp4,29.97,63,1280,720,2.1021021021021022,1280x720,14
2,TIEMPO II,DESPUÉS,2/TIEMPO II/DESPUÉS.mp4,29.97,59,1280,720,1.9686353019686356,1280x720,62
1,VERBOS,DIBUJAR,1/VERBOS/DIBUJAR.mp4,29.97,98,1280,720,3.2699366032699366,1280x720,65
1,DEPARTAMENTOS DE BOLIVIA,CHUQUISACA,1/DEPARTAMENTOS DE BOLIVIA/CHUQUISACA.mp4,29.97,111,600,480,3.703703703703704,600x480,15
4,PERSONAS,INFANTIL,4/PERSONAS/INFANTIL.mp4,30.0,66,1920,1080,2.2,1920x1080,46
4,COSAS DE ANIMALES,PESCAR,4/COSAS DE ANIMALES/PESCAR.mp4,25.0,90,1920,1080,3.6,1920x1080,12
1,CUERPO HUMANO,OJOS,1/CUERPO HUMANO/OJOS.mp4,29.97,85,600,480,2.836169502836169,600x480,13
2,ÁREAS DE CONOCIMIENTO,MATEMÁTICA,2/ÁREAS DE CONOCIMIENTO/MATEMÁTICA.mp4,29.97,79,1280,720,2.6359693026359694,1280x720,70
4,ESCUELA II,CENTÍMETRO,4/ESCUELA II/CENTÍMETRO.mp4,25.0,75,1920,1080,3.0,1920x1080,21
4,PERSONAS,GUAPO,4/PERSONAS/GUAPO.mp4,30.0,68,1920,1080,2.2666666666666666,1920x1080,46
2,NÚMEROS II,SETENTA,2/NÚMEROS II/SETENTA.mp4,29.97,97,1280,720,3.2365699032365702,1280x720,38
4,NATURALEZA II,ARCO_IRIS,4/NATURALEZA II/ARCO_IRIS.mp4,25.0,65,1920,1080,2.6,1920x1080,35
3,LUGARES II,PROVINCIA,3/LUGARES II/PROVINCIA.mp4,29.97,96,1280,720,3.2032032032032034,1280x720,31
4,HOGAR II,LAVANDINA,4/HOGAR II/LAVANDINA.mp4,25.0,75,1920,1080,3.0,1920x1080,28
4,DIÁLOGO II,HIPÓCRITA,4/DIÁLOGO II/HIPÓCRITA.mp4,25.0,59,1920,1080,2.36,1920x1080,18
4,PAÍSES II,CANADÁ,4/PAÍSES II/CANADÁ.mp4,30.0,62,1920,1080,2.066666666666667,1920x1080,45
1,NÚMEROS 1 AL 50,VEINTICUATRO,1/NÚMEROS 1 AL 50/VEINTICUATRO.mp4,29.97,62,1280,720,2.0687354020687354,1280x720,37
3,SUSTANTIVOS III,SELLO,3/SUSTANTIVOS III/SELLO.mp4,29.97,67,1920,1080,2.235568902235569,1920x1080,59
2,TIEMPO II,PASADO,2/TIEMPO II/PASADO.mp4,29.97,64,1280,720,2.135468802135469,1280x720,62
2,PRENDAS DE VESTIR,CORBATA,2/PRENDAS DE VESTIR/CORBATA.mp4,29.97,122,1280,720,4.070737404070737,1280x720,50
4,COSAS DE ALIMENTOS,DELICIOSO,4/COSAS DE ALIMENTOS/DELICIOSO.mp4,25.0,72,1920,1080,2.88,1920x1080,11
2,OPUESTOS,BAJO,2/OPUESTOS/BAJO.mp4,29.97,68,1280,720,2.2689356022689355,1280x720,40
3,VERBOS III,RECOGER,3/VERBOS III/RECOGER.mp4,29.97,93,1920,1080,3.1031031031031038,1920x1080,67
3,GENERAL I,CASTIGAR,3/GENERAL I/CASTIGAR.mp4,29.97,77,1920,1080,2.569235902569236,1920x1080,26
2,SALUD SEXUAL Y REPRODUCTIVA,ESPERMATOZOIDES,2/SALUD SEXUAL Y REPRODUCTIVA/ESPERMATOZOIDES.mp4,29.97,90,1280,720,3.0030030030030037,1280x720,56
1,LUGARES,DORMITORIO,1/LUGARES/DORMITORIO.mp4,29.97,114,600,480,3.803803803803804,600x480,30
3,ESCUELA,DIVIDIR,3/ESCUELA/DIVIDIR.mp4,29.97,92,1280,720,3.0697364030697365,1280x720,20
4,BEBIDAS,VINO,4/BEBIDAS/VINO.mp4,25.0,60,1920,1080,2.4,1920x1080,6
1,VERBOS,ATENDER,1/VERBOS/ATENDER.mp4,29.97,96,1280,720,3.2032032032032034,1280x720,65
2,VERBOS II,ENOJAR,2/VERBOS II/ENOJAR.mp4,29.97,93,1280,720,3.1031031031031038,1280x720,66
1,PRONOMBRES,NUESTRO,1/PRONOMBRES/NUESTRO.mp4,29.97,96,1280,720,3.2032032032032034,1280x720,52
1,ABECEDARIO,A,1/ABECEDARIO/A.mp4,29.97,57,600,480,1.901901901901902,600x480,0
2,SALUD SEXUAL Y REPRODUCTIVA,PARTO,2/SALUD SEXUAL Y REPRODUCTIVA/PARTO.mp4,29.97,74,1280,720,2.469135802469136,1280x720,56
3,ESTADO CIVIL,AMANTE,3/ESTADO CIVIL/AMANTE.mp4,29.97,84,1280,720,2.8028028028028027,1280x720,22
1,ANIMALES,PEZ,1/ANIMALES/PEZ.mp4,29.97,72,600,480,2.4024024024024024,600x480,3
3,OPUESTOS II,IMPOSIBLE,3/OPUESTOS II/IMPOSIBLE.mp4,29.97,96,1280,720,3.2032032032032034,1280x720,41
2,NÚMEROS II,CINCUENTA_Y_UNO,2/NÚMEROS II/CINCUENTA_Y_UNO.mp4,29.97,100,1280,720,3.3366700033366703,1280x720,38
4,PALABRAS GENERALES II,ARREPENTIR,4/PALABRAS GENERALES II/ARREPENTIR.mp4,25.0,76,1920,1080,3.04,1920x1080,43
4,POLÍTICA II,PROTESTAR,4/POLÍTICA II/PROTESTAR.mp4,30.0,63,1920,1080,2.1,1920x1080,48
2,VERBOS II,SENTIR,2/VERBOS II/SENTIR.mp4,29.97,89,1280,720,2.9696363029696364,1280x720,66
4,BEBIDAS,WHISKY,4/BEBIDAS/WHISKY.mp4,25.0,56,1920,1080,2.24,1920x1080,6
1,NÚMEROS 1 AL 50,CUATRO,1/NÚMEROS 1 AL 50/CUATRO.mp4,29.97,58,1280,720,1.9352686019352687,1280x720,37
3,OPUESTOS II,OSCURO,3/OPUESTOS II/OSCURO.mp4,29.97,85,1280,720,2.836169502836169,1280x720,41
3,DEPORTES,ESQUIAR,3/DEPORTES/ESQUIAR.mp4,29.97,138,1280,720,4.604604604604605,1280x720,16
1,PRONOMBRES,SUYO,1/PRONOMBRES/SUYO.mp4,29.97,80,1280,720,2.669336002669336,1280x720,52
4,HOGAR II,LUCIADORA,4/HOGAR II/LUCIADORA.mp4,25.0,76,1920,1080,3.04,1920x1080,28
2,NÚMEROS II,CINCUENTA_Y_SIETE,2/NÚMEROS II/CINCUENTA_Y_SIETE.mp4,29.97,96,1280,720,3.2032032032032034,1280x720,38
4,VERBOS IV,PENSAR,4/VERBOS IV/PENSAR.mp4,30.0,93,1920,1080,3.1,1920x1080,68
3,ANIMALES III,HIPOPÓTAMO,3/ANIMALES III/HIPOPÓTAMO.mp4,29.97,107,1280,720,3.570236903570237,1280x720,5
4,POLÍTICA II,CONVOCAR,4/POLÍTICA II/CONVOCAR.mp4,30.0,116,1920,1080,3.8666666666666663,1920x1080,48
2,SALUD SEXUAL Y REPRODUCTIVA,DOLOR_DE_CABEZA,2/SALUD SEXUAL Y REPRODUCTIVA/DOLOR_DE_CABEZA.mp4,29.97,91,1280,720,3.0363697030363697,1280x720,56
3,GENERAL I,OPORTUNIDAD,3/GENERAL I/OPORTUNIDAD.mp4,29.97,87,1920,1080,2.902902902902903,1920x1080,26
3,DIÁLOGO,OYENTE,3/DIÁLOGO/OYENTE.mp4,29.97,71,1280,720,2.369035702369036,1280x720,17
4,PAÍSES II,COREA,4/PAÍSES II/COREA.mp4,30.0,68,1920,1080,2.2666666666666666,1920x1080,45
2,FAMILIA II,SOBRINO,2/FAMILIA II/SOBRINO.mp4,29.97,72,1280,720,2.4024024024024024,1280x720,24
1,ABECEDARIO,G,1/ABECEDARIO/G.mp4,29.97,60,600,480,2.002002002002002,600x480,0
1,SUSTANTIVOS,LIBRO,1/SUSTANTIVOS/LIBRO.mp4,29.97,98,1280,720,3.2699366032699366,1280x720,58
4,NÚMEROS IV,UN_MILLÓN,4/NÚMEROS IV/UN_MILLÓN.mp4,25.0,78,1920,1080,3.12,1920x1080,39
3,SUSTANTIVOS III,CUADERNO,3/SUSTANTIVOS III/CUADERNO.mp4,29.97,80,1920,1080,2.669336002669336,1920x1080,59
4,PALABRAS GENERALES II,AYUNO,4/PALABRAS GENERALES II/AYUNO.mp4,25.0,58,1920,1080,2.32,1920x1080,43
3,GENERAL I,SUERTE,3/GENERAL I/SUERTE.mp4,29.97,71,1920,1080,2.369035702369036,1920x1080,26
3,TIEMPO III,DISTANCIA,3/TIEMPO III/DISTANCIA.mp4,29.97,68,1440,1080,2.2689356022689355,1440x1080,63
1,SUSTANTIVOS,HELADERA,1/SUSTANTIVOS/HELADERA.mp4,29.97,106,1280,720,3.5368702035368704,1280x720,58
1,ANIMALES,CÓNDOR,1/ANIMALES/CÓNDOR.mp4,29.97,81,600,480,2.702702702702702,600x480,3
4,PERSONAS,HIJASTRA,4/PERSONAS/HIJASTRA.mp4,30.0,84,1920,1080,2.8,1920x1080,46
4,ESCUELA II,BILLETES,4/ESCUELA II/BILLETES.mp4,25.0,88,1920,1080,3.52,1920x1080,21
2,OPUESTOS,OPUESTO,2/OPUESTOS/OPUESTO.mp4,29.97,74,1280,720,2.469135802469136,1280x720,40
1,CALENDARIO,JULIO,1/CALENDARIO/JULIO.mp4,29.97,106,600,480,3.5368702035368704,600x480,7
1,NÚMEROS 1 AL 50,NUEVE,1/NÚMEROS 1 AL 50/NUEVE.mp4,29.97,65,1280,720,2.1688355021688355,1280x720,37
1,NATURALEZA,BOSQUE,1/NATURALEZA/BOSQUE.mp4,29.97,72,600,480,2.4024024024024024,600x480,34
3,CUMPLEAÑOS,JUGUETES,3/CUMPLEAÑOS/JUGUETES.mp4,29.97,93,1280,720,3.1031031031031038,1280x720,14
3,COCINA,CHOCOLATE,3/COCINA/CHOCOLATE.mp4,29.97,84,1280,720,2.8028028028028027,1280x720,8
4,DIÁLOGO II,DOBLE,4/DIÁLOGO II/DOBLE.mp4,25.0,63,1920,1080,2.52,1920x1080,18
4,NÚMEROS IV,NOVECIENTOS_NOVENTA_Y_NUEVE_MIL_NOVECIENTOS_NOVENTA_Y_UNO,4/NÚMEROS IV/NOVECIENTOS_NOVENTA_Y_NUEVE_MIL_NOVECIENTOS_NOVENTA_Y_UNO.mp4,25.0,186,1920,1080,7.44,1920x1080,39
2,COLORES II,GUINDO,2/COLORES II/GUINDO.mp4,29.97,69,1280,720,2.3023023023023024,1280x720,10
1,SUSTANTIVOS,TENEDOR,1/SUSTANTIVOS/TENEDOR.mp4,29.97,70,1280,720,2.335669002335669,1280x720,58
1,ALIMENTOS,PAN,1/ALIMENTOS/PAN.mp4,29.97,75,600,480,2.5025025025025025,600x480,2
2,ADVERBIOS DE LUGAR,FUERA,2/ADVERBIOS DE LUGAR/FUERA.mp4,29.97,110,1280,720,3.670337003670337,1280x720,1
4,VERBOS IV,SUFRIR,4/VERBOS IV/SUFRIR.mp4,30.0,111,1920,1080,3.7,1920x1080,68
4,PERSONAS,HIJASTRO,4/PERSONAS/HIJASTRO.mp4,30.0,87,1920,1080,2.9,1920x1080,46
2,ANIMALES II,LEÓN,2/ANIMALES II/LEÓN.mp4,29.97,78,1280,720,2.6026026026026026,1280x720,4
3,DIÁLOGO,LUCHAR,3/DIÁLOGO/LUCHAR.mp4,29.97,85,1280,720,2.836169502836169,1280x720,17
3,POLÍTICA,MINISTRO,3/POLÍTICA/MINISTRO.mp4,29.97,85,1280,720,2.836169502836169,1280x720,47
4,VERBOS IV,ASUSTAR,4/VERBOS IV/ASUSTAR.mp4,30.0,91,1920,1080,3.033333333333333,1920x1080,68
1,VERBOS,VER,1/VERBOS/VER.mp4,29.97,95,1280,720,3.169836503169837,1280x720,65
1,PRONOMBRES,NOSOTROS,1/PRONOMBRES/NOSOTROS.mp4,29.97,103,1280,720,3.4367701034367704,1280x720,52
3,ANIMALES III,MURCIÉLAGO,3/ANIMALES III/MURCIÉLAGO.mp4,29.97,109,1280,720,3.6369703036369705,1280x720,5
4,NÚMEROS IV,CIEN_MIL_TRESCIENTOS,4/NÚMEROS IV/CIEN_MIL_TRESCIENTOS.mp4,25.0,85,1920,1080,3.4,1920x1080,39
4,NATURALEZA II,LOTE,4/NATURALEZA II/LOTE.mp4,25.0,88,1920,1080,3.52,1920x1080,35
4,COSAS DE ANIMALES,FEROZ,4/COSAS DE ANIMALES/FEROZ.mp4,25.0,57,1920,1080,2.28,1920x1080,12
2,VERDURAS II,ZAPALLO,2/VERDURAS II/ZAPALLO.mp4,29.97,100,1280,720,3.3366700033366703,1280x720,69
1,NÚMEROS 1 AL 50,TRECE,1/NÚMEROS 1 AL 50/TRECE.mp4,29.97,65,1280,720,2.1688355021688355,1280x720,37
4,HOGAR II,JABÓN,4/HOGAR II/JABÓN.mp4,25.0,71,1920,1080,2.84,1920x1080,28
2,OPUESTOS,CARO,2/OPUESTOS/CARO.mp4,29.97,103,1280,720,3.4367701034367704,1280x720,40
1,TIEMPO,ANTEAYER,1/TIEMPO/ANTEAYER.mp4,29.97,82,1280,720,2.736069402736069,1280x720,61
2,NÚMEROS II,SESENTA,2/NÚMEROS II/SESENTA.mp4,29.97,91,1280,720,3.0363697030363697,1280x720,38
2,EDUCACIÓN,EDUCACIÓN,2/EDUCACIÓN/EDUCACIÓN.mp4,29.97,105,1280,720,3.503503503503504,1280x720,19
3,SALUD,NEUMONÍA,3/SALUD/NEUMONÍA.mp4,29.97,93,1280,720,3.1031031031031038,1280x720,54
1,NÚMEROS 1 AL 50,CINCO,1/NÚMEROS 1 AL 50/CINCO.mp4,29.97,53,1280,720,1.7684351017684352,1280x720,37
4,COSAS DE ANIMALES,CAZAR,4/COSAS DE ANIMALES/CAZAR.mp4,25.0,52,1920,1080,2.08,1920x1080,12
4,SALUD II,HINCHADO,4/SALUD II/HINCHADO.mp4,30.0,102,1920,1080,3.4,1920x1080,55
4,OPUESTOS III,ENCHUFAR,4/OPUESTOS III/ENCHUFAR.mp4,30.0,89,1920,1080,2.966666666666667,1920x1080,42
4,SALUD II,CONTROL,4/SALUD II/CONTROL.mp4,30.0,123,1920,1080,4.1,1920x1080,55
3,ESTADO CIVIL,ESTADO_CIVIL,3/ESTADO CIVIL/ESTADO_CIVIL.mp4,29.97,116,1280,720,3.8705372038705375,1280x720,22
2,FAMILIA II,ADULTO,2/FAMILIA II/ADULTO.mp4,29.97,79,1280,720,2.6359693026359694,1280x720,24
2,ANIMALES II,CHIVO,2/ANIMALES II/CHIVO.mp4,29.97,92,1280,720,3.0697364030697365,1280x720,4
3,LUGARES II,DIRECCIÓN,3/LUGARES II/DIRECCIÓN.mp4,29.97,59,1280,720,1.9686353019686356,1280x720,31
2,VERDURAS II,HABA,2/VERDURAS II/HABA.mp4,29.97,96,1280,720,3.2032032032032034,1280x720,69
4,POLÍTICA II,DIPUTADO,4/POLÍTICA II/DIPUTADO.mp4,30.0,60,1920,1080,2.0,1920x1080,48
3,POLÍTICA,ACUERDO_SOCIAL,3/POLÍTICA/ACUERDO_SOCIAL.mp4,29.97,123,1280,720,4.104104104104104,1280x720,47
2,ANIMALES II,BOA,2/ANIMALES II/BOA.mp4,29.97,115,1280,720,3.8371705038371706,1280x720,4
1,CALENDARIO,ABRIL,1/CALENDARIO/ABRIL.mp4,29.97,83,600,480,2.7694361027694363,600x480,7
2,FAMILIA II,TÍA,2/FAMILIA II/TÍA.mp4,29.97,73,1280,720,2.4357691024357693,1280x720,24
4,DIÁLOGO II,ENGAÑAR,4/DIÁLOGO II/ENGAÑAR.mp4,25.0,64,1920,1080,2.56,1920x1080,18
3,SALUD,SANGRE,3/SALUD/SANGRE.mp4,29.97,124,1280,720,4.137470804137471,1280x720,54
1,SUSTANTIVOS,PLATO,1/SUSTANTIVOS/PLATO.mp4,29.97,91,1280,720,3.0363697030363697,1280x720,58
1,DEPARTAMENTOS DE BOLIVIA,PANDO,1/DEPARTAMENTOS DE BOLIVIA/PANDO.mp4,29.97,88,600,480,2.9362696029362696,600x480,15
3,COCINA,GELATINA,3/COCINA/GELATINA.mp4,29.97,82,1280,720,2.736069402736069,1280x720,8
4,POLÍTICA II,EXTRANJERO,4/POLÍTICA II/EXTRANJERO.mp4,30.0,70,1920,1080,2.333333333333333,1920x1080,48
2,OPUESTOS,PEQUEÑO,2/OPUESTOS/PEQUEÑO.mp4,29.97,90,1280,720,3.0030030030030037,1280x720,40
1,ABECEDARIO,S,1/ABECEDARIO/S.mp4,29.97,59,600,480,1.9686353019686356,600x480,0
1,FAMILIA,HERMANO,1/FAMILIA/HERMANO.mp4,29.97,103,600,480,3.4367701034367704,600x480,23
2,SALUD SEXUAL Y REPRODUCTIVA,ÓVULO,2/SALUD SEXUAL Y REPRODUCTIVA/ÓVULO.mp4,29.97,88,1280,720,2.9362696029362696,1280x720,56
4,COSAS DE ANIMALES,TREPAR,4/COSAS DE ANIMALES/TREPAR.mp4,25.0,81,1920,1080,3.24,1920x1080,12
4,VERBOS IV,ARREGLAR,4/VERBOS IV/ARREGLAR.mp4,30.0,107,1920,1080,3.566666666666667,1920x1080,68
1,SALUDOS,POR_FAVOR,1/SALUDOS/POR_FAVOR.mp4,29.97,93,1280,720,3.1031031031031038,1280x720,57
4,HOGAR II,COLGAR_LA_ROPA,4/HOGAR II/COLGAR_LA_ROPA.mp4,25.0,86,1920,1080,3.44,1920x1080,28
3,ESTADO CIVIL,SEPARADOS,3/ESTADO CIVIL/SEPARADOS.mp4,29.97,75,1280,720,2.5025025025025025,1280x720,22
2,PRENDAS DE VESTIR,CALZON,2/PRENDAS DE VESTIR/CALZON.mp4,29.97,96,1280,720,3.2032032032032034,1280x720,50
1,SUSTANTIVOS,LÁPIZ,1/SUSTANTIVOS/LÁPIZ.mp4,29.97,85,1280,720,2.836169502836169,1280x720,58
4,PRENDAS DE VESTIR II,CHAMARRA,4/PRENDAS DE VESTIR II/CHAMARRA.mp4,30.0,110,1920,1080,3.6666666666666665,1920x1080,51
4,HOGAR II,SANDWICHERA,4/HOGAR II/SANDWICHERA.mp4,25.0,88,1920,1080,3.52,1920x1080,28
1,SUSTANTIVOS,BORRADOR,1/SUSTANTIVOS/BORRADOR.mp4,29.97,130,1280,720,4.337671004337671,1280x720,58
2,COLORES II,AZUL_MARINO,2/COLORES II/AZUL_MARINO.mp4,29.97,124,1280,720,4.137470804137471,1280x720,10
4,PALABRAS GENERALES II,CHISME,4/PALABRAS GENERALES II/CHISME.mp4,25.0,59,1920,1080,2.36,1920x1080,43
4,OPUESTOS III,LIVIANO,4/OPUESTOS III/LIVIANO.mp4,30.0,61,1920,1080,2.033333333333333,1920x1080,42
3,POLÍTICA,ESTAR_DE_ACUERDO,3/POLÍTICA/ESTAR_DE_ACUERDO.mp4,29.97,103,1280,720,3.4367701034367704,1280x720,47
4,PRENDAS DE VESTIR II,MODA,4/PRENDAS DE VESTIR II/MODA.mp4,30.0,93,1920,1080,3.1,1920x1080,51
1,NÚMEROS 1 AL 50,CERO,1/NÚMEROS 1 AL 50/CERO.mp4,29.97,59,1280,720,1.9686353019686356,1280x720,37
3,LUGARES II,OFICINA,3/LUGARES II/OFICINA.mp4,29.97,100,1280,720,3.3366700033366703,1280x720,31
1,PREGUNTAS,CUÁNTOS,1/PREGUNTAS/CUÁNTOS.mp4,29.97,51,1280,720,1.7017017017017018,1280x720,49
1,VERBOS,VERBOS,1/VERBOS/VERBOS.mp4,29.97,81,1280,720,2.702702702702702,1280x720,65
3,NÚMEROS,SEISCIENTOS,3/NÚMEROS/SEISCIENTOS.mp4,29.97,63,1280,720,2.1021021021021022,1280x720,36
2,SUSTANTIVOS,DUCHA,2/SUSTANTIVOS/DUCHA.mp4,29.97,90,1280,720,3.0030030030030037,1280x720,58
3,SALUD,SÍNTOMA,3/SALUD/SÍNTOMA.mp4,29.97,164,1280,720,5.472138805472139,1280x720,54
4,ESCUELA II,KILÓMETRO,4/ESCUELA II/KILÓMETRO.mp4,25.0,63,1920,1080,2.52,1920x1080,21
4,VERBOS IV,ALEJAR,4/VERBOS IV/ALEJAR.mp4,30.0,111,1920,1080,3.7,1920x1080,68
3,CUMPLEAÑOS,GRACIOSO,3/CUMPLEAÑOS/GRACIOSO.mp4,29.97,75,1280,720,2.5025025025025025,1280x720,14
3,RESTAURANTE,CHAIRO,3/RESTAURANTE/CHAIRO.mp4,29.97,108,1280,720,3.603603603603604,1280x720,53
4,POLÍTICA II,DEBATIR,4/POLÍTICA II/DEBATIR.mp4,30.0,71,1920,1080,2.3666666666666667,1920x1080,48
3,ESTADO CIVIL,CASADO,3/ESTADO CIVIL/CASADO.mp4,29.97,88,1280,720,2.9362696029362696,1280x720,22
3,SUSTANTIVOS III,BANDERA,3/SUSTANTIVOS III/BANDERA.mp4,29.97,71,1920,1080,2.369035702369036,1920x1080,59
2,ADVERBIOS DE LUGAR,ATRÁS,2/ADVERBIOS DE LUGAR/ATRÁS.mp4,29.97,95,1280,720,3.169836503169837,1280x720,1
3,GENERAL I,RARO,3/GENERAL I/RARO.mp4,29.97,91,1920,1080,3.0363697030363697,1920x1080,26
3,TIEMPO III,ÚLTIMO,3/TIEMPO III/ÚLTIMO.mp4,29.97,71,1440,1080,2.369035702369036,1440x1080,63
3,POLÍTICA,BLOQUEO,3/POLÍTICA/BLOQUEO.mp4,29.97,100,1280,720,3.3366700033366703,1280x720,47
4,PAÍSES II,INGLATERRA,4/PAÍSES II/INGLATERRA.mp4,30.0,51,1920,1080,1.7,1920x1080,45
4,PAÍSES II,INDIA,4/PAÍSES II/INDIA.mp4,30.0,68,1920,1080,2.2666666666666666,1920x1080,45
4,INSECTOS,ABEJA,4/INSECTOS/ABEJA.mp4,25.0,47,1920,1080,1.88,1920x1080,29
4,COSAS DE ANIMALES,ALAS,4/COSAS DE ANIMALES/ALAS.mp4,25.0,67,1920,1080,2.68,1920x1080,12
4,POLÍTICA II,AUTONOMÍA,4/POLÍTICA II/AUTONOMÍA.mp4,30.0,54,1920,1080,1.8,1920x1080,48
1,ABECEDARIO,LL,1/ABECEDARIO/LL.mp4,29.97,66,600,480,2.2022022022022023,600x480,0
1,ALIMENTOS,FIDEO,1/ALIMENTOS/FIDEO.mp4,29.97,72,600,480,2.4024024024024024,600x480,2
3,VERBOS III,REÍR,3/VERBOS III/REÍR.mp4,29.97,77,1920,1080,2.569235902569236,1920x1080,67
1,ANIMALES,TORTUGA,1/ANIMALES/TORTUGA.mp4,29.97,81,600,480,2.702702702702702,600x480,3
3,HOGAR,BAÑARSE,3/HOGAR/BAÑARSE.mp4,29.97,75,1280,720,2.5025025025025025,1280x720,27
1,ANIMALES,VACA,1/ANIMALES/VACA.mp4,29.97,72,600,480,2.4024024024024024,600x480,3
1,TIEMPO,SEMANA,1/TIEMPO/SEMANA.mp4,29.97,68,1280,720,2.2689356022689355,1280x720,61
2,ÁREAS DE CONOCIMIENTO,PSICOLOGÍA,2/ÁREAS DE CONOCIMIENTO/PSICOLOGÍA.mp4,29.97,80,1280,720,2.669336002669336,1280x720,70
4,COSAS DE ALIMENTOS,PIPOCA,4/COSAS DE ALIMENTOS/PIPOCA.mp4,25.0,56,1920,1080,2.24,1920x1080,11
4,SUSTANTIVOS IV,AUDÍFONO,4/SUSTANTIVOS IV/AUDÍFONO.mp4,30.0,83,1920,1080,2.7666666666666666,1920x1080,60
3,ANIMALES III,AVESTRUZ,3/ANIMALES III/AVESTRUZ.mp4,29.97,93,1280,720,3.1031031031031038,1280x720,5
1,SUSTANTIVOS,SÁBANA,1/SUSTANTIVOS/SÁBANA.mp4,29.97,126,1280,720,4.2042042042042045,1280x720,58
2,ÁREAS DE CONOCIMIENTO,CIENCIAS_SOCIALES,2/ÁREAS DE CONOCIMIENTO/CIENCIAS_SOCIALES.mp4,29.97,149,1280,720,4.971638304971639,1280x720,70
4,PERSONAS,PERSONAS,4/PERSONAS/PERSONAS.mp4,30.0,83,1920,1080,2.7666666666666666,1920x1080,46
3,COCINA,TOSTADA,3/COCINA/TOSTADA.mp4,29.97,87,1280,720,2.902902902902903,1280x720,8
2,ADVERBIOS DE LUGAR,ADVERBIOS_DE_LUGAR,2/ADVERBIOS DE LUGAR/ADVERBIOS_DE_LUGAR.mp4,29.97,167,1280,720,5.572238905572239,1280x720,1
4,NATURALEZA II,CLIMA,4/NATURALEZA II/CLIMA.mp4,25.0,51,1920,1080,2.04,1920x1080,35
4,POLÍTICA II,SENADOR,4/POLÍTICA II/SENADOR.mp4,30.0,72,1920,1080,2.4,1920x1080,48
1,ABECEDARIO,V,1/ABECEDARIO/V.mp4,29.97,59,600,480,1.9686353019686356,600x480,0
2,NÚMEROS II,DOSCIENTOS,2/NÚMEROS II/DOSCIENTOS.mp4,29.97,96,1280,720,3.2032032032032034,1280x720,38
4,DIÁLOGO II,BURLAR,4/DIÁLOGO II/BURLAR.mp4,25.0,71,1920,1080,2.84,1920x1080,18
4,ESCUELA II,CORREO,4/ESCUELA II/CORREO.mp4,25.0,66,1920,1080,2.64,1920x1080,21
4,SALUD II,RIÑON,4/SALUD II/RIÑON.mp4,30.0,96,1920,1080,3.2,1920x1080,55
3,DEPORTES,COMPETENCIA,3/DEPORTES/COMPETENCIA.mp4,29.97,85,1280,720,2.836169502836169,1280x720,16
3,HOGAR,CHAMPÚ,3/HOGAR/CHAMPÚ.mp4,29.97,91,1280,720,3.0363697030363697,1280x720,27
4,ESCUELA II,CENTAVOS,4/ESCUELA II/CENTAVOS.mp4,25.0,67,1920,1080,2.68,1920x1080,21
4,DIÁLOGO II,SUPERVISAR,4/DIÁLOGO II/SUPERVISAR.mp4,25.0,82,1920,1080,3.28,1920x1080,18
2,VERDURAS II,PEREJIL,2/VERDURAS II/PEREJIL.mp4,29.97,118,1280,720,3.937270603937271,1280x720,69
4,OPUESTOS III,LARGO,4/OPUESTOS III/LARGO.mp4,30.0,83,1920,1080,2.7666666666666666,1920x1080,42
2,OPUESTOS,AMAR,2/OPUESTOS/AMAR.mp4,29.97,77,1280,720,2.569235902569236,1280x720,40
2,OPUESTOS,MALO,2/OPUESTOS/MALO.mp4,29.97,88,1280,720,2.9362696029362696,1280x720,40
3,DIÁLOGO,RENUNCIAR,3/DIÁLOGO/RENUNCIAR.mp4,29.97,76,1280,720,2.5358692025358693,1280x720,17
3,COCINA,CENA,3/COCINA/CENA.mp4,29.97,90,1280,720,3.0030030030030037,1280x720,8
2,TRABAJO,VACACIÓN,2/TRABAJO/VACACIÓN.mp4,29.97,70,1280,720,2.335669002335669,1280x720,64
3,RESTAURANTE,PLANCHITA,3/RESTAURANTE/PLANCHITA.mp4,29.97,91,1280,720,3.0363697030363697,1280x720,53
3,SALUD,OPERACIÓN,3/SALUD/OPERACIÓN.mp4,29.97,73,1280,720,2.4357691024357693,1280x720,54
2,COLORES II,CREMA,2/COLORES II/CREMA.mp4,29.97,76,1280,720,2.5358692025358693,1280x720,10
3,RESTAURANTE,RESTAURANTE,3/RESTAURANTE/RESTAURANTE.mp4,29.97,74,1280,720,2.469135802469136,1280x720,53
2,ANIMALES II,ARDILLA,2/ANIMALES II/ARDILLA.mp4,29.97,84,1280,720,2.8028028028028027,1280x720,4
3,POLÍTICA,JURAR,3/POLÍTICA/JURAR.mp4,29.97,93,1280,720,3.1031031031031038,1280x720,47
4,COSAS DE ANIMALES,ARAÑAR,4/COSAS DE ANIMALES/ARAÑAR.mp4,25.0,56,1920,1080,2.24,1920x1080,12
